pokemon_id,base_stat,identifier
1,45,hp
1,49,attack
1,49,defense
1,65,special-attack
1,65,special-defense
1,45,speed
2,60,hp
2,62,attack
2,63,defense
2,80,special-attack
2,80,special-defense
2,60,speed
3,80,hp
3,82,attack
3,83,defense
3,100,special-attack
3,100,special-defense
3,80,speed
4,39,hp
4,52,attack
4,43,defense
4,60,special-attack
4,50,special-defense
4,65,speed
5,58,hp
5,64,attack
5,58,defense
5,80,special-attack
5,65,special-defense
5,80,speed
6,78,hp
6,84,attack
6,78,defense
6,109,special-attack
6,85,special-defense
6,100,speed
7,44,hp
7,48,attack
7,65,defense
7,50,special-attack
7,64,special-defense
7,43,speed
8,59,hp
8,63,attack
8,80,defense
8,65,special-attack
8,80,special-defense
8,58,speed
9,79,hp
9,83,attack
9,100,defense
9,85,special-attack
9,105,special-defense
9,78,speed
10,45,hp
10,30,attack
10,35,defense
10,20,special-attack
10,20,special-defense
10,45,speed
11,50,hp
11,20,attack
11,55,defense
11,25,special-attack
11,25,special-defense
11,30,speed
12,60,hp
12,45,attack
12,50,defense
12,90,special-attack
12,80,special-defense
12,70,speed
13,40,hp
13,35,attack
13,30,defense
13,20,special-attack
13,20,special-defense
13,50,speed
14,45,hp
14,25,attack
14,50,defense
14,25,special-attack
14,25,special-defense
14,35,speed
15,65,hp
15,90,attack
15,40,defense
15,45,special-attack
15,80,special-defense
15,75,speed
16,40,hp
16,45,attack
16,40,defense
16,35,special-attack
16,35,special-defense
16,56,speed
17,63,hp
17,60,attack
17,55,defense
17,50,special-attack
17,50,special-defense
17,71,speed
18,83,hp
18,80,attack
18,75,defense
18,70,special-attack
18,70,special-defense
18,101,speed
19,30,hp
19,56,attack
19,35,defense
19,25,special-attack
19,35,special-defense
19,72,speed
20,55,hp
20,81,attack
20,60,defense
20,50,special-attack
20,70,special-defense
20,97,speed
21,40,hp
21,60,attack
21,30,defense
21,31,special-attack
21,31,special-defense
21,70,speed
22,65,hp
22,90,attack
22,65,defense
22,61,special-attack
22,61,special-defense
22,100,speed
23,35,hp
23,60,attack
23,44,defense
23,40,special-attack
23,54,special-defense
23,55,speed
24,60,hp
24,95,attack
24,69,defense
24,65,special-attack
24,79,special-defense
24,80,speed
25,35,hp
25,55,attack
25,40,defense
25,50,special-attack
25,50,special-defense
25,90,speed
26,60,hp
26,90,attack
26,55,defense
26,90,special-attack
26,80,special-defense
26,110,speed
27,50,hp
27,75,attack
27,85,defense
27,20,special-attack
27,30,special-defense
27,40,speed
28,75,hp
28,100,attack
28,110,defense
28,45,special-attack
28,55,special-defense
28,65,speed
29,55,hp
29,47,attack
29,52,defense
29,40,special-attack
29,40,special-defense
29,41,speed
30,70,hp
30,62,attack
30,67,defense
30,55,special-attack
30,55,special-defense
30,56,speed
31,90,hp
31,92,attack
31,87,defense
31,75,special-attack
31,85,special-defense
31,76,speed
32,46,hp
32,57,attack
32,40,defense
32,40,special-attack
32,40,special-defense
32,50,speed
33,61,hp
33,72,attack
33,57,defense
33,55,special-attack
33,55,special-defense
33,65,speed
34,81,hp
34,102,attack
34,77,defense
34,85,special-attack
34,75,special-defense
34,85,speed
35,70,hp
35,45,attack
35,48,defense
35,60,special-attack
35,65,special-defense
35,35,speed
36,95,hp
36,70,attack
36,73,defense
36,95,special-attack
36,90,special-defense
36,60,speed
37,38,hp
37,41,attack
37,40,defense
37,50,special-attack
37,65,special-defense
37,65,speed
38,73,hp
38,76,attack
38,75,defense
38,81,special-attack
38,100,special-defense
38,100,speed
39,115,hp
39,45,attack
39,20,defense
39,45,special-attack
39,25,special-defense
39,20,speed
40,140,hp
40,70,attack
40,45,defense
40,85,special-attack
40,50,special-defense
40,45,speed
41,40,hp
41,45,attack
41,35,defense
41,30,special-attack
41,40,special-defense
41,55,speed
42,75,hp
42,80,attack
42,70,defense
42,65,special-attack
42,75,special-defense
42,90,speed
43,45,hp
43,50,attack
43,55,defense
43,75,special-attack
43,65,special-defense
43,30,speed
44,60,hp
44,65,attack
44,70,defense
44,85,special-attack
44,75,special-defense
44,40,speed
45,75,hp
45,80,attack
45,85,defense
45,110,special-attack
45,90,special-defense
45,50,speed
46,35,hp
46,70,attack
46,55,defense
46,45,special-attack
46,55,special-defense
46,25,speed
47,60,hp
47,95,attack
47,80,defense
47,60,special-attack
47,80,special-defense
47,30,speed
48,60,hp
48,55,attack
48,50,defense
48,40,special-attack
48,55,special-defense
48,45,speed
49,70,hp
49,65,attack
49,60,defense
49,90,special-attack
49,75,special-defense
49,90,speed
50,10,hp
50,55,attack
50,25,defense
50,35,special-attack
50,45,special-defense
50,95,speed
51,35,hp
51,100,attack
51,50,defense
51,50,special-attack
51,70,special-defense
51,120,speed
52,40,hp
52,45,attack
52,35,defense
52,40,special-attack
52,40,special-defense
52,90,speed
53,65,hp
53,70,attack
53,60,defense
53,65,special-attack
53,65,special-defense
53,115,speed
54,50,hp
54,52,attack
54,48,defense
54,65,special-attack
54,50,special-defense
54,55,speed
55,80,hp
55,82,attack
55,78,defense
55,95,special-attack
55,80,special-defense
55,85,speed
56,40,hp
56,80,attack
56,35,defense
56,35,special-attack
56,45,special-defense
56,70,speed
57,65,hp
57,105,attack
57,60,defense
57,60,special-attack
57,70,special-defense
57,95,speed
58,55,hp
58,70,attack
58,45,defense
58,70,special-attack
58,50,special-defense
58,60,speed
59,90,hp
59,110,attack
59,80,defense
59,100,special-attack
59,80,special-defense
59,95,speed
60,40,hp
60,50,attack
60,40,defense
60,40,special-attack
60,40,special-defense
60,90,speed
61,65,hp
61,65,attack
61,65,defense
61,50,special-attack
61,50,special-defense
61,90,speed
62,90,hp
62,95,attack
62,95,defense
62,70,special-attack
62,90,special-defense
62,70,speed
63,25,hp
63,20,attack
63,15,defense
63,105,special-attack
63,55,special-defense
63,90,speed
64,40,hp
64,35,attack
64,30,defense
64,120,special-attack
64,70,special-defense
64,105,speed
65,55,hp
65,50,attack
65,45,defense
65,135,special-attack
65,95,special-defense
65,120,speed
66,70,hp
66,80,attack
66,50,defense
66,35,special-attack
66,35,special-defense
66,35,speed
67,80,hp
67,100,attack
67,70,defense
67,50,special-attack
67,60,special-defense
67,45,speed
68,90,hp
68,130,attack
68,80,defense
68,65,special-attack
68,85,special-defense
68,55,speed
69,50,hp
69,75,attack
69,35,defense
69,70,special-attack
69,30,special-defense
69,40,speed
70,65,hp
70,90,attack
70,50,defense
70,85,special-attack
70,45,special-defense
70,55,speed
71,80,hp
71,105,attack
71,65,defense
71,100,special-attack
71,70,special-defense
71,70,speed
72,40,hp
72,40,attack
72,35,defense
72,50,special-attack
72,100,special-defense
72,70,speed
73,80,hp
73,70,attack
73,65,defense
73,80,special-attack
73,120,special-defense
73,100,speed
74,40,hp
74,80,attack
74,100,defense
74,30,special-attack
74,30,special-defense
74,20,speed
75,55,hp
75,95,attack
75,115,defense
75,45,special-attack
75,45,special-defense
75,35,speed
76,80,hp
76,120,attack
76,130,defense
76,55,special-attack
76,65,special-defense
76,45,speed
77,50,hp
77,85,attack
77,55,defense
77,65,special-attack
77,65,special-defense
77,90,speed
78,65,hp
78,100,attack
78,70,defense
78,80,special-attack
78,80,special-defense
78,105,speed
79,90,hp
79,65,attack
79,65,defense
79,40,special-attack
79,40,special-defense
79,15,speed
80,95,hp
80,75,attack
80,110,defense
80,100,special-attack
80,80,special-defense
80,30,speed
81,25,hp
81,35,attack
81,70,defense
81,95,special-attack
81,55,special-defense
81,45,speed
82,50,hp
82,60,attack
82,95,defense
82,120,special-attack
82,70,special-defense
82,70,speed
83,52,hp
83,90,attack
83,55,defense
83,58,special-attack
83,62,special-defense
83,60,speed
84,35,hp
84,85,attack
84,45,defense
84,35,special-attack
84,35,special-defense
84,75,speed
85,60,hp
85,110,attack
85,70,defense
85,60,special-attack
85,60,special-defense
85,110,speed
86,65,hp
86,45,attack
86,55,defense
86,45,special-attack
86,70,special-defense
86,45,speed
87,90,hp
87,70,attack
87,80,defense
87,70,special-attack
87,95,special-defense
87,70,speed
88,80,hp
88,80,attack
88,50,defense
88,40,special-attack
88,50,special-defense
88,25,speed
89,105,hp
89,105,attack
89,75,defense
89,65,special-attack
89,100,special-defense
89,50,speed
90,30,hp
90,65,attack
90,100,defense
90,45,special-attack
90,25,special-defense
90,40,speed
91,50,hp
91,95,attack
91,180,defense
91,85,special-attack
91,45,special-defense
91,70,speed
92,30,hp
92,35,attack
92,30,defense
92,100,special-attack
92,35,special-defense
92,80,speed
93,45,hp
93,50,attack
93,45,defense
93,115,special-attack
93,55,special-defense
93,95,speed
94,60,hp
94,65,attack
94,60,defense
94,130,special-attack
94,75,special-defense
94,110,speed
95,35,hp
95,45,attack
95,160,defense
95,30,special-attack
95,45,special-defense
95,70,speed
96,60,hp
96,48,attack
96,45,defense
96,43,special-attack
96,90,special-defense
96,42,speed
97,85,hp
97,73,attack
97,70,defense
97,73,special-attack
97,115,special-defense
97,67,speed
98,30,hp
98,105,attack
98,90,defense
98,25,special-attack
98,25,special-defense
98,50,speed
99,55,hp
99,130,attack
99,115,defense
99,50,special-attack
99,50,special-defense
99,75,speed
100,40,hp
100,30,attack
100,50,defense
100,55,special-attack
100,55,special-defense
100,100,speed
101,60,hp
101,50,attack
101,70,defense
101,80,special-attack
101,80,special-defense
101,150,speed
102,60,hp
102,40,attack
102,80,defense
102,60,special-attack
102,45,special-defense
102,40,speed
103,95,hp
103,95,attack
103,85,defense
103,125,special-attack
103,75,special-defense
103,55,speed
104,50,hp
104,50,attack
104,95,defense
104,40,special-attack
104,50,special-defense
104,35,speed
105,60,hp
105,80,attack
105,110,defense
105,50,special-attack
105,80,special-defense
105,45,speed
106,50,hp
106,120,attack
106,53,defense
106,35,special-attack
106,110,special-defense
106,87,speed
107,50,hp
107,105,attack
107,79,defense
107,35,special-attack
107,110,special-defense
107,76,speed
108,90,hp
108,55,attack
108,75,defense
108,60,special-attack
108,75,special-defense
108,30,speed
109,40,hp
109,65,attack
109,95,defense
109,60,special-attack
109,45,special-defense
109,35,speed
110,65,hp
110,90,attack
110,120,defense
110,85,special-attack
110,70,special-defense
110,60,speed
111,80,hp
111,85,attack
111,95,defense
111,30,special-attack
111,30,special-defense
111,25,speed
112,105,hp
112,130,attack
112,120,defense
112,45,special-attack
112,45,special-defense
112,40,speed
113,250,hp
113,5,attack
113,5,defense
113,35,special-attack
113,105,special-defense
113,50,speed
114,65,hp
114,55,attack
114,115,defense
114,100,special-attack
114,40,special-defense
114,60,speed
115,105,hp
115,95,attack
115,80,defense
115,40,special-attack
115,80,special-defense
115,90,speed
116,30,hp
116,40,attack
116,70,defense
116,70,special-attack
116,25,special-defense
116,60,speed
117,55,hp
117,65,attack
117,95,defense
117,95,special-attack
117,45,special-defense
117,85,speed
118,45,hp
118,67,attack
118,60,defense
118,35,special-attack
118,50,special-defense
118,63,speed
119,80,hp
119,92,attack
119,65,defense
119,65,special-attack
119,80,special-defense
119,68,speed
120,30,hp
120,45,attack
120,55,defense
120,70,special-attack
120,55,special-defense
120,85,speed
121,60,hp
121,75,attack
121,85,defense
121,100,special-attack
121,85,special-defense
121,115,speed
122,40,hp
122,45,attack
122,65,defense
122,100,special-attack
122,120,special-defense
122,90,speed
123,70,hp
123,110,attack
123,80,defense
123,55,special-attack
123,80,special-defense
123,105,speed
124,65,hp
124,50,attack
124,35,defense
124,115,special-attack
124,95,special-defense
124,95,speed
125,65,hp
125,83,attack
125,57,defense
125,95,special-attack
125,85,special-defense
125,105,speed
126,65,hp
126,95,attack
126,57,defense
126,100,special-attack
126,85,special-defense
126,93,speed
127,65,hp
127,125,attack
127,100,defense
127,55,special-attack
127,70,special-defense
127,85,speed
128,75,hp
128,100,attack
128,95,defense
128,40,special-attack
128,70,special-defense
128,110,speed
129,20,hp
129,10,attack
129,55,defense
129,15,special-attack
129,20,special-defense
129,80,speed
130,95,hp
130,125,attack
130,79,defense
130,60,special-attack
130,100,special-defense
130,81,speed
131,130,hp
131,85,attack
131,80,defense
131,85,special-attack
131,95,special-defense
131,60,speed
132,48,hp
132,48,attack
132,48,defense
132,48,special-attack
132,48,special-defense
132,48,speed
133,55,hp
133,55,attack
133,50,defense
133,45,special-attack
133,65,special-defense
133,55,speed
134,130,hp
134,65,attack
134,60,defense
134,110,special-attack
134,95,special-defense
134,65,speed
135,65,hp
135,65,attack
135,60,defense
135,110,special-attack
135,95,special-defense
135,130,speed
136,65,hp
136,130,attack
136,60,defense
136,95,special-attack
136,110,special-defense
136,65,speed
137,65,hp
137,60,attack
137,70,defense
137,85,special-attack
137,75,special-defense
137,40,speed
138,35,hp
138,40,attack
138,100,defense
138,90,special-attack
138,55,special-defense
138,35,speed
139,70,hp
139,60,attack
139,125,defense
139,115,special-attack
139,70,special-defense
139,55,speed
140,30,hp
140,80,attack
140,90,defense
140,55,special-attack
140,45,special-defense
140,55,speed
141,60,hp
141,115,attack
141,105,defense
141,65,special-attack
141,70,special-defense
141,80,speed
142,80,hp
142,105,attack
142,65,defense
142,60,special-attack
142,75,special-defense
142,130,speed
143,160,hp
143,110,attack
143,65,defense
143,65,special-attack
143,110,special-defense
143,30,speed
144,90,hp
144,85,attack
144,100,defense
144,95,special-attack
144,125,special-defense
144,85,speed
145,90,hp
145,90,attack
145,85,defense
145,125,special-attack
145,90,special-defense
145,100,speed
146,90,hp
146,100,attack
146,90,defense
146,125,special-attack
146,85,special-defense
146,90,speed
147,41,hp
147,64,attack
147,45,defense
147,50,special-attack
147,50,special-defense
147,50,speed
148,61,hp
148,84,attack
148,65,defense
148,70,special-attack
148,70,special-defense
148,70,speed
149,91,hp
149,134,attack
149,95,defense
149,100,special-attack
149,100,special-defense
149,80,speed
150,106,hp
150,110,attack
150,90,defense
150,154,special-attack
150,90,special-defense
150,130,speed
151,100,hp
151,100,attack
151,100,defense
151,100,special-attack
151,100,special-defense
151,100,speed
152,45,hp
152,49,attack
152,65,defense
152,49,special-attack
152,65,special-defense
152,45,speed
153,60,hp
153,62,attack
153,80,defense
153,63,special-attack
153,80,special-defense
153,60,speed
154,80,hp
154,82,attack
154,100,defense
154,83,special-attack
154,100,special-defense
154,80,speed
155,39,hp
155,52,attack
155,43,defense
155,60,special-attack
155,50,special-defense
155,65,speed
156,58,hp
156,64,attack
156,58,defense
156,80,special-attack
156,65,special-defense
156,80,speed
157,78,hp
157,84,attack
157,78,defense
157,109,special-attack
157,85,special-defense
157,100,speed
158,50,hp
158,65,attack
158,64,defense
158,44,special-attack
158,48,special-defense
158,43,speed
159,65,hp
159,80,attack
159,80,defense
159,59,special-attack
159,63,special-defense
159,58,speed
160,85,hp
160,105,attack
160,100,defense
160,79,special-attack
160,83,special-defense
160,78,speed
161,35,hp
161,46,attack
161,34,defense
161,35,special-attack
161,45,special-defense
161,20,speed
162,85,hp
162,76,attack
162,64,defense
162,45,special-attack
162,55,special-defense
162,90,speed
163,60,hp
163,30,attack
163,30,defense
163,36,special-attack
163,56,special-defense
163,50,speed
164,100,hp
164,50,attack
164,50,defense
164,86,special-attack
164,96,special-defense
164,70,speed
165,40,hp
165,20,attack
165,30,defense
165,40,special-attack
165,80,special-defense
165,55,speed
166,55,hp
166,35,attack
166,50,defense
166,55,special-attack
166,110,special-defense
166,85,speed
167,40,hp
167,60,attack
167,40,defense
167,40,special-attack
167,40,special-defense
167,30,speed
168,70,hp
168,90,attack
168,70,defense
168,60,special-attack
168,70,special-defense
168,40,speed
169,85,hp
169,90,attack
169,80,defense
169,70,special-attack
169,80,special-defense
169,130,speed
170,75,hp
170,38,attack
170,38,defense
170,56,special-attack
170,56,special-defense
170,67,speed
171,125,hp
171,58,attack
171,58,defense
171,76,special-attack
171,76,special-defense
171,67,speed
172,20,hp
172,40,attack
172,15,defense
172,35,special-attack
172,35,special-defense
172,60,speed
173,50,hp
173,25,attack
173,28,defense
173,45,special-attack
173,55,special-defense
173,15,speed
174,90,hp
174,30,attack
174,15,defense
174,40,special-attack
174,20,special-defense
174,15,speed
175,35,hp
175,20,attack
175,65,defense
175,40,special-attack
175,65,special-defense
175,20,speed
176,55,hp
176,40,attack
176,85,defense
176,80,special-attack
176,105,special-defense
176,40,speed
177,40,hp
177,50,attack
177,45,defense
177,70,special-attack
177,45,special-defense
177,70,speed
178,65,hp
178,75,attack
178,70,defense
178,95,special-attack
178,70,special-defense
178,95,speed
179,55,hp
179,40,attack
179,40,defense
179,65,special-attack
179,45,special-defense
179,35,speed
180,70,hp
180,55,attack
180,55,defense
180,80,special-attack
180,60,special-defense
180,45,speed
181,90,hp
181,75,attack
181,85,defense
181,115,special-attack
181,90,special-defense
181,55,speed
182,75,hp
182,80,attack
182,95,defense
182,90,special-attack
182,100,special-defense
182,50,speed
183,70,hp
183,20,attack
183,50,defense
183,20,special-attack
183,50,special-defense
183,40,speed
184,100,hp
184,50,attack
184,80,defense
184,60,special-attack
184,80,special-defense
184,50,speed
185,70,hp
185,100,attack
185,115,defense
185,30,special-attack
185,65,special-defense
185,30,speed
186,90,hp
186,75,attack
186,75,defense
186,90,special-attack
186,100,special-defense
186,70,speed
187,35,hp
187,35,attack
187,40,defense
187,35,special-attack
187,55,special-defense
187,50,speed
188,55,hp
188,45,attack
188,50,defense
188,45,special-attack
188,65,special-defense
188,80,speed
189,75,hp
189,55,attack
189,70,defense
189,55,special-attack
189,95,special-defense
189,110,speed
190,55,hp
190,70,attack
190,55,defense
190,40,special-attack
190,55,special-defense
190,85,speed
191,30,hp
191,30,attack
191,30,defense
191,30,special-attack
191,30,special-defense
191,30,speed
192,75,hp
192,75,attack
192,55,defense
192,105,special-attack
192,85,special-defense
192,30,speed
193,65,hp
193,65,attack
193,45,defense
193,75,special-attack
193,45,special-defense
193,95,speed
194,55,hp
194,45,attack
194,45,defense
194,25,special-attack
194,25,special-defense
194,15,speed
195,95,hp
195,85,attack
195,85,defense
195,65,special-attack
195,65,special-defense
195,35,speed
196,65,hp
196,65,attack
196,60,defense
196,130,special-attack
196,95,special-defense
196,110,speed
197,95,hp
197,65,attack
197,110,defense
197,60,special-attack
197,130,special-defense
197,65,speed
198,60,hp
198,85,attack
198,42,defense
198,85,special-attack
198,42,special-defense
198,91,speed
199,95,hp
199,75,attack
199,80,defense
199,100,special-attack
199,110,special-defense
199,30,speed
200,60,hp
200,60,attack
200,60,defense
200,85,special-attack
200,85,special-defense
200,85,speed
201,48,hp
201,72,attack
201,48,defense
201,72,special-attack
201,48,special-defense
201,48,speed
202,190,hp
202,33,attack
202,58,defense
202,33,special-attack
202,58,special-defense
202,33,speed
203,70,hp
203,80,attack
203,65,defense
203,90,special-attack
203,65,special-defense
203,85,speed
204,50,hp
204,65,attack
204,90,defense
204,35,special-attack
204,35,special-defense
204,15,speed
205,75,hp
205,90,attack
205,140,defense
205,60,special-attack
205,60,special-defense
205,40,speed
206,100,hp
206,70,attack
206,70,defense
206,65,special-attack
206,65,special-defense
206,45,speed
207,65,hp
207,75,attack
207,105,defense
207,35,special-attack
207,65,special-defense
207,85,speed
208,75,hp
208,85,attack
208,200,defense
208,55,special-attack
208,65,special-defense
208,30,speed
209,60,hp
209,80,attack
209,50,defense
209,40,special-attack
209,40,special-defense
209,30,speed
210,90,hp
210,120,attack
210,75,defense
210,60,special-attack
210,60,special-defense
210,45,speed
211,65,hp
211,95,attack
211,85,defense
211,55,special-attack
211,55,special-defense
211,85,speed
212,70,hp
212,130,attack
212,100,defense
212,55,special-attack
212,80,special-defense
212,65,speed
213,20,hp
213,10,attack
213,230,defense
213,10,special-attack
213,230,special-defense
213,5,speed
214,80,hp
214,125,attack
214,75,defense
214,40,special-attack
214,95,special-defense
214,85,speed
215,55,hp
215,95,attack
215,55,defense
215,35,special-attack
215,75,special-defense
215,115,speed
216,60,hp
216,80,attack
216,50,defense
216,50,special-attack
216,50,special-defense
216,40,speed
217,90,hp
217,130,attack
217,75,defense
217,75,special-attack
217,75,special-defense
217,55,speed
218,40,hp
218,40,attack
218,40,defense
218,70,special-attack
218,40,special-defense
218,20,speed
219,60,hp
219,50,attack
219,120,defense
219,90,special-attack
219,80,special-defense
219,30,speed
220,50,hp
220,50,attack
220,40,defense
220,30,special-attack
220,30,special-defense
220,50,speed
221,100,hp
221,100,attack
221,80,defense
221,60,special-attack
221,60,special-defense
221,50,speed
222,65,hp
222,55,attack
222,95,defense
222,65,special-attack
222,95,special-defense
222,35,speed
223,35,hp
223,65,attack
223,35,defense
223,65,special-attack
223,35,special-defense
223,65,speed
224,75,hp
224,105,attack
224,75,defense
224,105,special-attack
224,75,special-defense
224,45,speed
225,45,hp
225,55,attack
225,45,defense
225,65,special-attack
225,45,special-defense
225,75,speed
226,85,hp
226,40,attack
226,70,defense
226,80,special-attack
226,140,special-defense
226,70,speed
227,65,hp
227,80,attack
227,140,defense
227,40,special-attack
227,70,special-defense
227,70,speed
228,45,hp
228,60,attack
228,30,defense
228,80,special-attack
228,50,special-defense
228,65,speed
229,75,hp
229,90,attack
229,50,defense
229,110,special-attack
229,80,special-defense
229,95,speed
230,75,hp
230,95,attack
230,95,defense
230,95,special-attack
230,95,special-defense
230,85,speed
231,90,hp
231,60,attack
231,60,defense
231,40,special-attack
231,40,special-defense
231,40,speed
232,90,hp
232,120,attack
232,120,defense
232,60,special-attack
232,60,special-defense
232,50,speed
233,85,hp
233,80,attack
233,90,defense
233,105,special-attack
233,95,special-defense
233,60,speed
234,73,hp
234,95,attack
234,62,defense
234,85,special-attack
234,65,special-defense
234,85,speed
235,55,hp
235,20,attack
235,35,defense
235,20,special-attack
235,45,special-defense
235,75,speed
236,35,hp
236,35,attack
236,35,defense
236,35,special-attack
236,35,special-defense
236,35,speed
237,50,hp
237,95,attack
237,95,defense
237,35,special-attack
237,110,special-defense
237,70,speed
238,45,hp
238,30,attack
238,15,defense
238,85,special-attack
238,65,special-defense
238,65,speed
239,45,hp
239,63,attack
239,37,defense
239,65,special-attack
239,55,special-defense
239,95,speed
240,45,hp
240,75,attack
240,37,defense
240,70,special-attack
240,55,special-defense
240,83,speed
241,95,hp
241,80,attack
241,105,defense
241,40,special-attack
241,70,special-defense
241,100,speed
242,255,hp
242,10,attack
242,10,defense
242,75,special-attack
242,135,special-defense
242,55,speed
243,90,hp
243,85,attack
243,75,defense
243,115,special-attack
243,100,special-defense
243,115,speed
244,115,hp
244,115,attack
244,85,defense
244,90,special-attack
244,75,special-defense
244,100,speed
245,100,hp
245,75,attack
245,115,defense
245,90,special-attack
245,115,special-defense
245,85,speed
246,50,hp
246,64,attack
246,50,defense
246,45,special-attack
246,50,special-defense
246,41,speed
247,70,hp
247,84,attack
247,70,defense
247,65,special-attack
247,70,special-defense
247,51,speed
248,100,hp
248,134,attack
248,110,defense
248,95,special-attack
248,100,special-defense
248,61,speed
249,106,hp
249,90,attack
249,130,defense
249,90,special-attack
249,154,special-defense
249,110,speed
250,106,hp
250,130,attack
250,90,defense
250,110,special-attack
250,154,special-defense
250,90,speed
251,100,hp
251,100,attack
251,100,defense
251,100,special-attack
251,100,special-defense
251,100,speed
252,40,hp
252,45,attack
252,35,defense
252,65,special-attack
252,55,special-defense
252,70,speed
253,50,hp
253,65,attack
253,45,defense
253,85,special-attack
253,65,special-defense
253,95,speed
254,70,hp
254,85,attack
254,65,defense
254,105,special-attack
254,85,special-defense
254,120,speed
255,45,hp
255,60,attack
255,40,defense
255,70,special-attack
255,50,special-defense
255,45,speed
256,60,hp
256,85,attack
256,60,defense
256,85,special-attack
256,60,special-defense
256,55,speed
257,80,hp
257,120,attack
257,70,defense
257,110,special-attack
257,70,special-defense
257,80,speed
258,50,hp
258,70,attack
258,50,defense
258,50,special-attack
258,50,special-defense
258,40,speed
259,70,hp
259,85,attack
259,70,defense
259,60,special-attack
259,70,special-defense
259,50,speed
260,100,hp
260,110,attack
260,90,defense
260,85,special-attack
260,90,special-defense
260,60,speed
261,35,hp
261,55,attack
261,35,defense
261,30,special-attack
261,30,special-defense
261,35,speed
262,70,hp
262,90,attack
262,70,defense
262,60,special-attack
262,60,special-defense
262,70,speed
263,38,hp
263,30,attack
263,41,defense
263,30,special-attack
263,41,special-defense
263,60,speed
264,78,hp
264,70,attack
264,61,defense
264,50,special-attack
264,61,special-defense
264,100,speed
265,45,hp
265,45,attack
265,35,defense
265,20,special-attack
265,30,special-defense
265,20,speed
266,50,hp
266,35,attack
266,55,defense
266,25,special-attack
266,25,special-defense
266,15,speed
267,60,hp
267,70,attack
267,50,defense
267,100,special-attack
267,50,special-defense
267,65,speed
268,50,hp
268,35,attack
268,55,defense
268,25,special-attack
268,25,special-defense
268,15,speed
269,60,hp
269,50,attack
269,70,defense
269,50,special-attack
269,90,special-defense
269,65,speed
270,40,hp
270,30,attack
270,30,defense
270,40,special-attack
270,50,special-defense
270,30,speed
271,60,hp
271,50,attack
271,50,defense
271,60,special-attack
271,70,special-defense
271,50,speed
272,80,hp
272,70,attack
272,70,defense
272,90,special-attack
272,100,special-defense
272,70,speed
273,40,hp
273,40,attack
273,50,defense
273,30,special-attack
273,30,special-defense
273,30,speed
274,70,hp
274,70,attack
274,40,defense
274,60,special-attack
274,40,special-defense
274,60,speed
275,90,hp
275,100,attack
275,60,defense
275,90,special-attack
275,60,special-defense
275,80,speed
276,40,hp
276,55,attack
276,30,defense
276,30,special-attack
276,30,special-defense
276,85,speed
277,60,hp
277,85,attack
277,60,defense
277,75,special-attack
277,50,special-defense
277,125,speed
278,40,hp
278,30,attack
278,30,defense
278,55,special-attack
278,30,special-defense
278,85,speed
279,60,hp
279,50,attack
279,100,defense
279,95,special-attack
279,70,special-defense
279,65,speed
280,28,hp
280,25,attack
280,25,defense
280,45,special-attack
280,35,special-defense
280,40,speed
281,38,hp
281,35,attack
281,35,defense
281,65,special-attack
281,55,special-defense
281,50,speed
282,68,hp
282,65,attack
282,65,defense
282,125,special-attack
282,115,special-defense
282,80,speed
283,40,hp
283,30,attack
283,32,defense
283,50,special-attack
283,52,special-defense
283,65,speed
284,70,hp
284,60,attack
284,62,defense
284,100,special-attack
284,82,special-defense
284,80,speed
285,60,hp
285,40,attack
285,60,defense
285,40,special-attack
285,60,special-defense
285,35,speed
286,60,hp
286,130,attack
286,80,defense
286,60,special-attack
286,60,special-defense
286,70,speed
287,60,hp
287,60,attack
287,60,defense
287,35,special-attack
287,35,special-defense
287,30,speed
288,80,hp
288,80,attack
288,80,defense
288,55,special-attack
288,55,special-defense
288,90,speed
289,150,hp
289,160,attack
289,100,defense
289,95,special-attack
289,65,special-defense
289,100,speed
290,31,hp
290,45,attack
290,90,defense
290,30,special-attack
290,30,special-defense
290,40,speed
291,61,hp
291,90,attack
291,45,defense
291,50,special-attack
291,50,special-defense
291,160,speed
292,1,hp
292,90,attack
292,45,defense
292,30,special-attack
292,30,special-defense
292,40,speed
293,64,hp
293,51,attack
293,23,defense
293,51,special-attack
293,23,special-defense
293,28,speed
294,84,hp
294,71,attack
294,43,defense
294,71,special-attack
294,43,special-defense
294,48,speed
295,104,hp
295,91,attack
295,63,defense
295,91,special-attack
295,73,special-defense
295,68,speed
296,72,hp
296,60,attack
296,30,defense
296,20,special-attack
296,30,special-defense
296,25,speed
297,144,hp
297,120,attack
297,60,defense
297,40,special-attack
297,60,special-defense
297,50,speed
298,50,hp
298,20,attack
298,40,defense
298,20,special-attack
298,40,special-defense
298,20,speed
299,30,hp
299,45,attack
299,135,defense
299,45,special-attack
299,90,special-defense
299,30,speed
300,50,hp
300,45,attack
300,45,defense
300,35,special-attack
300,35,special-defense
300,50,speed
301,70,hp
301,65,attack
301,65,defense
301,55,special-attack
301,55,special-defense
301,90,speed
302,50,hp
302,75,attack
302,75,defense
302,65,special-attack
302,65,special-defense
302,50,speed
303,50,hp
303,85,attack
303,85,defense
303,55,special-attack
303,55,special-defense
303,50,speed
304,50,hp
304,70,attack
304,100,defense
304,40,special-attack
304,40,special-defense
304,30,speed
305,60,hp
305,90,attack
305,140,defense
305,50,special-attack
305,50,special-defense
305,40,speed
306,70,hp
306,110,attack
306,180,defense
306,60,special-attack
306,60,special-defense
306,50,speed
307,30,hp
307,40,attack
307,55,defense
307,40,special-attack
307,55,special-defense
307,60,speed
308,60,hp
308,60,attack
308,75,defense
308,60,special-attack
308,75,special-defense
308,80,speed
309,40,hp
309,45,attack
309,40,defense
309,65,special-attack
309,40,special-defense
309,65,speed
310,70,hp
310,75,attack
310,60,defense
310,105,special-attack
310,60,special-defense
310,105,speed
311,60,hp
311,50,attack
311,40,defense
311,85,special-attack
311,75,special-defense
311,95,speed
312,60,hp
312,40,attack
312,50,defense
312,75,special-attack
312,85,special-defense
312,95,speed
313,65,hp
313,73,attack
313,75,defense
313,47,special-attack
313,85,special-defense
313,85,speed
314,65,hp
314,47,attack
314,75,defense
314,73,special-attack
314,85,special-defense
314,85,speed
315,50,hp
315,60,attack
315,45,defense
315,100,special-attack
315,80,special-defense
315,65,speed
316,70,hp
316,43,attack
316,53,defense
316,43,special-attack
316,53,special-defense
316,40,speed
317,100,hp
317,73,attack
317,83,defense
317,73,special-attack
317,83,special-defense
317,55,speed
318,45,hp
318,90,attack
318,20,defense
318,65,special-attack
318,20,special-defense
318,65,speed
319,70,hp
319,120,attack
319,40,defense
319,95,special-attack
319,40,special-defense
319,95,speed
320,130,hp
320,70,attack
320,35,defense
320,70,special-attack
320,35,special-defense
320,60,speed
321,170,hp
321,90,attack
321,45,defense
321,90,special-attack
321,45,special-defense
321,60,speed
322,60,hp
322,60,attack
322,40,defense
322,65,special-attack
322,45,special-defense
322,35,speed
323,70,hp
323,100,attack
323,70,defense
323,105,special-attack
323,75,special-defense
323,40,speed
324,70,hp
324,85,attack
324,140,defense
324,85,special-attack
324,70,special-defense
324,20,speed
325,60,hp
325,25,attack
325,35,defense
325,70,special-attack
325,80,special-defense
325,60,speed
326,80,hp
326,45,attack
326,65,defense
326,90,special-attack
326,110,special-defense
326,80,speed
327,60,hp
327,60,attack
327,60,defense
327,60,special-attack
327,60,special-defense
327,60,speed
328,45,hp
328,100,attack
328,45,defense
328,45,special-attack
328,45,special-defense
328,10,speed
329,50,hp
329,70,attack
329,50,defense
329,50,special-attack
329,50,special-defense
329,70,speed
330,80,hp
330,100,attack
330,80,defense
330,80,special-attack
330,80,special-defense
330,100,speed
331,50,hp
331,85,attack
331,40,defense
331,85,special-attack
331,40,special-defense
331,35,speed
332,70,hp
332,115,attack
332,60,defense
332,115,special-attack
332,60,special-defense
332,55,speed
333,45,hp
333,40,attack
333,60,defense
333,40,special-attack
333,75,special-defense
333,50,speed
334,75,hp
334,70,attack
334,90,defense
334,70,special-attack
334,105,special-defense
334,80,speed
335,73,hp
335,115,attack
335,60,defense
335,60,special-attack
335,60,special-defense
335,90,speed
336,73,hp
336,100,attack
336,60,defense
336,100,special-attack
336,60,special-defense
336,65,speed
337,90,hp
337,55,attack
337,65,defense
337,95,special-attack
337,85,special-defense
337,70,speed
338,90,hp
338,95,attack
338,85,defense
338,55,special-attack
338,65,special-defense
338,70,speed
339,50,hp
339,48,attack
339,43,defense
339,46,special-attack
339,41,special-defense
339,60,speed
340,110,hp
340,78,attack
340,73,defense
340,76,special-attack
340,71,special-defense
340,60,speed
341,43,hp
341,80,attack
341,65,defense
341,50,special-attack
341,35,special-defense
341,35,speed
342,63,hp
342,120,attack
342,85,defense
342,90,special-attack
342,55,special-defense
342,55,speed
343,40,hp
343,40,attack
343,55,defense
343,40,special-attack
343,70,special-defense
343,55,speed
344,60,hp
344,70,attack
344,105,defense
344,70,special-attack
344,120,special-defense
344,75,speed
345,66,hp
345,41,attack
345,77,defense
345,61,special-attack
345,87,special-defense
345,23,speed
346,86,hp
346,81,attack
346,97,defense
346,81,special-attack
346,107,special-defense
346,43,speed
347,45,hp
347,95,attack
347,50,defense
347,40,special-attack
347,50,special-defense
347,75,speed
348,75,hp
348,125,attack
348,100,defense
348,70,special-attack
348,80,special-defense
348,45,speed
349,20,hp
349,15,attack
349,20,defense
349,10,special-attack
349,55,special-defense
349,80,speed
350,95,hp
350,60,attack
350,79,defense
350,100,special-attack
350,125,special-defense
350,81,speed
351,70,hp
351,70,attack
351,70,defense
351,70,special-attack
351,70,special-defense
351,70,speed
352,60,hp
352,90,attack
352,70,defense
352,60,special-attack
352,120,special-defense
352,40,speed
353,44,hp
353,75,attack
353,35,defense
353,63,special-attack
353,33,special-defense
353,45,speed
354,64,hp
354,115,attack
354,65,defense
354,83,special-attack
354,63,special-defense
354,65,speed
355,20,hp
355,40,attack
355,90,defense
355,30,special-attack
355,90,special-defense
355,25,speed
356,40,hp
356,70,attack
356,130,defense
356,60,special-attack
356,130,special-defense
356,25,speed
357,99,hp
357,68,attack
357,83,defense
357,72,special-attack
357,87,special-defense
357,51,speed
358,75,hp
358,50,attack
358,80,defense
358,95,special-attack
358,90,special-defense
358,65,speed
359,65,hp
359,130,attack
359,60,defense
359,75,special-attack
359,60,special-defense
359,75,speed
360,95,hp
360,23,attack
360,48,defense
360,23,special-attack
360,48,special-defense
360,23,speed
361,50,hp
361,50,attack
361,50,defense
361,50,special-attack
361,50,special-defense
361,50,speed
362,80,hp
362,80,attack
362,80,defense
362,80,special-attack
362,80,special-defense
362,80,speed
363,70,hp
363,40,attack
363,50,defense
363,55,special-attack
363,50,special-defense
363,25,speed
364,90,hp
364,60,attack
364,70,defense
364,75,special-attack
364,70,special-defense
364,45,speed
365,110,hp
365,80,attack
365,90,defense
365,95,special-attack
365,90,special-defense
365,65,speed
366,35,hp
366,64,attack
366,85,defense
366,74,special-attack
366,55,special-defense
366,32,speed
367,55,hp
367,104,attack
367,105,defense
367,94,special-attack
367,75,special-defense
367,52,speed
368,55,hp
368,84,attack
368,105,defense
368,114,special-attack
368,75,special-defense
368,52,speed
369,100,hp
369,90,attack
369,130,defense
369,45,special-attack
369,65,special-defense
369,55,speed
370,43,hp
370,30,attack
370,55,defense
370,40,special-attack
370,65,special-defense
370,97,speed
371,45,hp
371,75,attack
371,60,defense
371,40,special-attack
371,30,special-defense
371,50,speed
372,65,hp
372,95,attack
372,100,defense
372,60,special-attack
372,50,special-defense
372,50,speed
373,95,hp
373,135,attack
373,80,defense
373,110,special-attack
373,80,special-defense
373,100,speed
374,40,hp
374,55,attack
374,80,defense
374,35,special-attack
374,60,special-defense
374,30,speed
375,60,hp
375,75,attack
375,100,defense
375,55,special-attack
375,80,special-defense
375,50,speed
376,80,hp
376,135,attack
376,130,defense
376,95,special-attack
376,90,special-defense
376,70,speed
377,80,hp
377,100,attack
377,200,defense
377,50,special-attack
377,100,special-defense
377,50,speed
378,80,hp
378,50,attack
378,100,defense
378,100,special-attack
378,200,special-defense
378,50,speed
379,80,hp
379,75,attack
379,150,defense
379,75,special-attack
379,150,special-defense
379,50,speed
380,80,hp
380,80,attack
380,90,defense
380,110,special-attack
380,130,special-defense
380,110,speed
381,80,hp
381,90,attack
381,80,defense
381,130,special-attack
381,110,special-defense
381,110,speed
382,100,hp
382,100,attack
382,90,defense
382,150,special-attack
382,140,special-defense
382,90,speed
383,100,hp
383,150,attack
383,140,defense
383,100,special-attack
383,90,special-defense
383,90,speed
384,105,hp
384,150,attack
384,90,defense
384,150,special-attack
384,90,special-defense
384,95,speed
385,100,hp
385,100,attack
385,100,defense
385,100,special-attack
385,100,special-defense
385,100,speed
386,50,hp
386,150,attack
386,50,defense
386,150,special-attack
386,50,special-defense
386,150,speed
387,55,hp
387,68,attack
387,64,defense
387,45,special-attack
387,55,special-defense
387,31,speed
388,75,hp
388,89,attack
388,85,defense
388,55,special-attack
388,65,special-defense
388,36,speed
389,95,hp
389,109,attack
389,105,defense
389,75,special-attack
389,85,special-defense
389,56,speed
390,44,hp
390,58,attack
390,44,defense
390,58,special-attack
390,44,special-defense
390,61,speed
391,64,hp
391,78,attack
391,52,defense
391,78,special-attack
391,52,special-defense
391,81,speed
392,76,hp
392,104,attack
392,71,defense
392,104,special-attack
392,71,special-defense
392,108,speed
393,53,hp
393,51,attack
393,53,defense
393,61,special-attack
393,56,special-defense
393,40,speed
394,64,hp
394,66,attack
394,68,defense
394,81,special-attack
394,76,special-defense
394,50,speed
395,84,hp
395,86,attack
395,88,defense
395,111,special-attack
395,101,special-defense
395,60,speed
396,40,hp
396,55,attack
396,30,defense
396,30,special-attack
396,30,special-defense
396,60,speed
397,55,hp
397,75,attack
397,50,defense
397,40,special-attack
397,40,special-defense
397,80,speed
398,85,hp
398,120,attack
398,70,defense
398,50,special-attack
398,60,special-defense
398,100,speed
399,59,hp
399,45,attack
399,40,defense
399,35,special-attack
399,40,special-defense
399,31,speed
400,79,hp
400,85,attack
400,60,defense
400,55,special-attack
400,60,special-defense
400,71,speed
401,37,hp
401,25,attack
401,41,defense
401,25,special-attack
401,41,special-defense
401,25,speed
402,77,hp
402,85,attack
402,51,defense
402,55,special-attack
402,51,special-defense
402,65,speed
403,45,hp
403,65,attack
403,34,defense
403,40,special-attack
403,34,special-defense
403,45,speed
404,60,hp
404,85,attack
404,49,defense
404,60,special-attack
404,49,special-defense
404,60,speed
405,80,hp
405,120,attack
405,79,defense
405,95,special-attack
405,79,special-defense
405,70,speed
406,40,hp
406,30,attack
406,35,defense
406,50,special-attack
406,70,special-defense
406,55,speed
407,60,hp
407,70,attack
407,65,defense
407,125,special-attack
407,105,special-defense
407,90,speed
408,67,hp
408,125,attack
408,40,defense
408,30,special-attack
408,30,special-defense
408,58,speed
409,97,hp
409,165,attack
409,60,defense
409,65,special-attack
409,50,special-defense
409,58,speed
410,30,hp
410,42,attack
410,118,defense
410,42,special-attack
410,88,special-defense
410,30,speed
411,60,hp
411,52,attack
411,168,defense
411,47,special-attack
411,138,special-defense
411,30,speed
412,40,hp
412,29,attack
412,45,defense
412,29,special-attack
412,45,special-defense
412,36,speed
413,60,hp
413,59,attack
413,85,defense
413,79,special-attack
413,105,special-defense
413,36,speed
414,70,hp
414,94,attack
414,50,defense
414,94,special-attack
414,50,special-defense
414,66,speed
415,30,hp
415,30,attack
415,42,defense
415,30,special-attack
415,42,special-defense
415,70,speed
416,70,hp
416,80,attack
416,102,defense
416,80,special-attack
416,102,special-defense
416,40,speed
417,60,hp
417,45,attack
417,70,defense
417,45,special-attack
417,90,special-defense
417,95,speed
418,55,hp
418,65,attack
418,35,defense
418,60,special-attack
418,30,special-defense
418,85,speed
419,85,hp
419,105,attack
419,55,defense
419,85,special-attack
419,50,special-defense
419,115,speed
420,45,hp
420,35,attack
420,45,defense
420,62,special-attack
420,53,special-defense
420,35,speed
421,70,hp
421,60,attack
421,70,defense
421,87,special-attack
421,78,special-defense
421,85,speed
422,76,hp
422,48,attack
422,48,defense
422,57,special-attack
422,62,special-defense
422,34,speed
423,111,hp
423,83,attack
423,68,defense
423,92,special-attack
423,82,special-defense
423,39,speed
424,75,hp
424,100,attack
424,66,defense
424,60,special-attack
424,66,special-defense
424,115,speed
425,90,hp
425,50,attack
425,34,defense
425,60,special-attack
425,44,special-defense
425,70,speed
426,150,hp
426,80,attack
426,44,defense
426,90,special-attack
426,54,special-defense
426,80,speed
427,55,hp
427,66,attack
427,44,defense
427,44,special-attack
427,56,special-defense
427,85,speed
428,65,hp
428,76,attack
428,84,defense
428,54,special-attack
428,96,special-defense
428,105,speed
429,60,hp
429,60,attack
429,60,defense
429,105,special-attack
429,105,special-defense
429,105,speed
430,100,hp
430,125,attack
430,52,defense
430,105,special-attack
430,52,special-defense
430,71,speed
431,49,hp
431,55,attack
431,42,defense
431,42,special-attack
431,37,special-defense
431,85,speed
432,71,hp
432,82,attack
432,64,defense
432,64,special-attack
432,59,special-defense
432,112,speed
433,45,hp
433,30,attack
433,50,defense
433,65,special-attack
433,50,special-defense
433,45,speed
434,63,hp
434,63,attack
434,47,defense
434,41,special-attack
434,41,special-defense
434,74,speed
435,103,hp
435,93,attack
435,67,defense
435,71,special-attack
435,61,special-defense
435,84,speed
436,57,hp
436,24,attack
436,86,defense
436,24,special-attack
436,86,special-defense
436,23,speed
437,67,hp
437,89,attack
437,116,defense
437,79,special-attack
437,116,special-defense
437,33,speed
438,50,hp
438,80,attack
438,95,defense
438,10,special-attack
438,45,special-defense
438,10,speed
439,20,hp
439,25,attack
439,45,defense
439,70,special-attack
439,90,special-defense
439,60,speed
440,100,hp
440,5,attack
440,5,defense
440,15,special-attack
440,65,special-defense
440,30,speed
441,76,hp
441,65,attack
441,45,defense
441,92,special-attack
441,42,special-defense
441,91,speed
442,50,hp
442,92,attack
442,108,defense
442,92,special-attack
442,108,special-defense
442,35,speed
443,58,hp
443,70,attack
443,45,defense
443,40,special-attack
443,45,special-defense
443,42,speed
444,68,hp
444,90,attack
444,65,defense
444,50,special-attack
444,55,special-defense
444,82,speed
445,108,hp
445,130,attack
445,95,defense
445,80,special-attack
445,85,special-defense
445,102,speed
446,135,hp
446,85,attack
446,40,defense
446,40,special-attack
446,85,special-defense
446,5,speed
447,40,hp
447,70,attack
447,40,defense
447,35,special-attack
447,40,special-defense
447,60,speed
448,70,hp
448,110,attack
448,70,defense
448,115,special-attack
448,70,special-defense
448,90,speed
449,68,hp
449,72,attack
449,78,defense
449,38,special-attack
449,42,special-defense
449,32,speed
450,108,hp
450,112,attack
450,118,defense
450,68,special-attack
450,72,special-defense
450,47,speed
451,40,hp
451,50,attack
451,90,defense
451,30,special-attack
451,55,special-defense
451,65,speed
452,70,hp
452,90,attack
452,110,defense
452,60,special-attack
452,75,special-defense
452,95,speed
453,48,hp
453,61,attack
453,40,defense
453,61,special-attack
453,40,special-defense
453,50,speed
454,83,hp
454,106,attack
454,65,defense
454,86,special-attack
454,65,special-defense
454,85,speed
455,74,hp
455,100,attack
455,72,defense
455,90,special-attack
455,72,special-defense
455,46,speed
456,49,hp
456,49,attack
456,56,defense
456,49,special-attack
456,61,special-defense
456,66,speed
457,69,hp
457,69,attack
457,76,defense
457,69,special-attack
457,86,special-defense
457,91,speed
458,45,hp
458,20,attack
458,50,defense
458,60,special-attack
458,120,special-defense
458,50,speed
459,60,hp
459,62,attack
459,50,defense
459,62,special-attack
459,60,special-defense
459,40,speed
460,90,hp
460,92,attack
460,75,defense
460,92,special-attack
460,85,special-defense
460,60,speed
461,70,hp
461,120,attack
461,65,defense
461,45,special-attack
461,85,special-defense
461,125,speed
462,70,hp
462,70,attack
462,115,defense
462,130,special-attack
462,90,special-defense
462,60,speed
463,110,hp
463,85,attack
463,95,defense
463,80,special-attack
463,95,special-defense
463,50,speed
464,115,hp
464,140,attack
464,130,defense
464,55,special-attack
464,55,special-defense
464,40,speed
465,100,hp
465,100,attack
465,125,defense
465,110,special-attack
465,50,special-defense
465,50,speed
466,75,hp
466,123,attack
466,67,defense
466,95,special-attack
466,85,special-defense
466,95,speed
467,75,hp
467,95,attack
467,67,defense
467,125,special-attack
467,95,special-defense
467,83,speed
468,85,hp
468,50,attack
468,95,defense
468,120,special-attack
468,115,special-defense
468,80,speed
469,86,hp
469,76,attack
469,86,defense
469,116,special-attack
469,56,special-defense
469,95,speed
470,65,hp
470,110,attack
470,130,defense
470,60,special-attack
470,65,special-defense
470,95,speed
471,65,hp
471,60,attack
471,110,defense
471,130,special-attack
471,95,special-defense
471,65,speed
472,75,hp
472,95,attack
472,125,defense
472,45,special-attack
472,75,special-defense
472,95,speed
473,110,hp
473,130,attack
473,80,defense
473,70,special-attack
473,60,special-defense
473,80,speed
474,85,hp
474,80,attack
474,70,defense
474,135,special-attack
474,75,special-defense
474,90,speed
475,68,hp
475,125,attack
475,65,defense
475,65,special-attack
475,115,special-defense
475,80,speed
476,60,hp
476,55,attack
476,145,defense
476,75,special-attack
476,150,special-defense
476,40,speed
477,45,hp
477,100,attack
477,135,defense
477,65,special-attack
477,135,special-defense
477,45,speed
478,70,hp
478,80,attack
478,70,defense
478,80,special-attack
478,70,special-defense
478,110,speed
479,50,hp
479,50,attack
479,77,defense
479,95,special-attack
479,77,special-defense
479,91,speed
480,75,hp
480,75,attack
480,130,defense
480,75,special-attack
480,130,special-defense
480,95,speed
481,80,hp
481,105,attack
481,105,defense
481,105,special-attack
481,105,special-defense
481,80,speed
482,75,hp
482,125,attack
482,70,defense
482,125,special-attack
482,70,special-defense
482,115,speed
483,100,hp
483,120,attack
483,120,defense
483,150,special-attack
483,100,special-defense
483,90,speed
484,90,hp
484,120,attack
484,100,defense
484,150,special-attack
484,120,special-defense
484,100,speed
485,91,hp
485,90,attack
485,106,defense
485,130,special-attack
485,106,special-defense
485,77,speed
486,110,hp
486,160,attack
486,110,defense
486,80,special-attack
486,110,special-defense
486,100,speed
487,150,hp
487,100,attack
487,120,defense
487,100,special-attack
487,120,special-defense
487,90,speed
488,120,hp
488,70,attack
488,120,defense
488,75,special-attack
488,130,special-defense
488,85,speed
489,80,hp
489,80,attack
489,80,defense
489,80,special-attack
489,80,special-defense
489,80,speed
490,100,hp
490,100,attack
490,100,defense
490,100,special-attack
490,100,special-defense
490,100,speed
491,70,hp
491,90,attack
491,90,defense
491,135,special-attack
491,90,special-defense
491,125,speed
492,100,hp
492,100,attack
492,100,defense
492,100,special-attack
492,100,special-defense
492,100,speed
493,120,hp
493,120,attack
493,120,defense
493,120,special-attack
493,120,special-defense
493,120,speed
494,100,hp
494,100,attack
494,100,defense
494,100,special-attack
494,100,special-defense
494,100,speed
495,45,hp
495,45,attack
495,55,defense
495,45,special-attack
495,55,special-defense
495,63,speed
496,60,hp
496,60,attack
496,75,defense
496,60,special-attack
496,75,special-defense
496,83,speed
497,75,hp
497,75,attack
497,95,defense
497,75,special-attack
497,95,special-defense
497,113,speed
498,65,hp
498,63,attack
498,45,defense
498,45,special-attack
498,45,special-defense
498,45,speed
499,90,hp
499,93,attack
499,55,defense
499,70,special-attack
499,55,special-defense
499,55,speed
500,110,hp
500,123,attack
500,65,defense
500,100,special-attack
500,65,special-defense
500,65,speed
501,55,hp
501,55,attack
501,45,defense
501,63,special-attack
501,45,special-defense
501,45,speed
502,75,hp
502,75,attack
502,60,defense
502,83,special-attack
502,60,special-defense
502,60,speed
503,95,hp
503,100,attack
503,85,defense
503,108,special-attack
503,70,special-defense
503,70,speed
504,45,hp
504,55,attack
504,39,defense
504,35,special-attack
504,39,special-defense
504,42,speed
505,60,hp
505,85,attack
505,69,defense
505,60,special-attack
505,69,special-defense
505,77,speed
506,45,hp
506,60,attack
506,45,defense
506,25,special-attack
506,45,special-defense
506,55,speed
507,65,hp
507,80,attack
507,65,defense
507,35,special-attack
507,65,special-defense
507,60,speed
508,85,hp
508,110,attack
508,90,defense
508,45,special-attack
508,90,special-defense
508,80,speed
509,41,hp
509,50,attack
509,37,defense
509,50,special-attack
509,37,special-defense
509,66,speed
510,64,hp
510,88,attack
510,50,defense
510,88,special-attack
510,50,special-defense
510,106,speed
511,50,hp
511,53,attack
511,48,defense
511,53,special-attack
511,48,special-defense
511,64,speed
512,75,hp
512,98,attack
512,63,defense
512,98,special-attack
512,63,special-defense
512,101,speed
513,50,hp
513,53,attack
513,48,defense
513,53,special-attack
513,48,special-defense
513,64,speed
514,75,hp
514,98,attack
514,63,defense
514,98,special-attack
514,63,special-defense
514,101,speed
515,50,hp
515,53,attack
515,48,defense
515,53,special-attack
515,48,special-defense
515,64,speed
516,75,hp
516,98,attack
516,63,defense
516,98,special-attack
516,63,special-defense
516,101,speed
517,76,hp
517,25,attack
517,45,defense
517,67,special-attack
517,55,special-defense
517,24,speed
518,116,hp
518,55,attack
518,85,defense
518,107,special-attack
518,95,special-defense
518,29,speed
519,50,hp
519,55,attack
519,50,defense
519,36,special-attack
519,30,special-defense
519,43,speed
520,62,hp
520,77,attack
520,62,defense
520,50,special-attack
520,42,special-defense
520,65,speed
521,80,hp
521,115,attack
521,80,defense
521,65,special-attack
521,55,special-defense
521,93,speed
522,45,hp
522,60,attack
522,32,defense
522,50,special-attack
522,32,special-defense
522,76,speed
523,75,hp
523,100,attack
523,63,defense
523,80,special-attack
523,63,special-defense
523,116,speed
524,55,hp
524,75,attack
524,85,defense
524,25,special-attack
524,25,special-defense
524,15,speed
525,70,hp
525,105,attack
525,105,defense
525,50,special-attack
525,40,special-defense
525,20,speed
526,85,hp
526,135,attack
526,130,defense
526,60,special-attack
526,80,special-defense
526,25,speed
527,65,hp
527,45,attack
527,43,defense
527,55,special-attack
527,43,special-defense
527,72,speed
528,67,hp
528,57,attack
528,55,defense
528,77,special-attack
528,55,special-defense
528,114,speed
529,60,hp
529,85,attack
529,40,defense
529,30,special-attack
529,45,special-defense
529,68,speed
530,110,hp
530,135,attack
530,60,defense
530,50,special-attack
530,65,special-defense
530,88,speed
531,103,hp
531,60,attack
531,86,defense
531,60,special-attack
531,86,special-defense
531,50,speed
532,75,hp
532,80,attack
532,55,defense
532,25,special-attack
532,35,special-defense
532,35,speed
533,85,hp
533,105,attack
533,85,defense
533,40,special-attack
533,50,special-defense
533,40,speed
534,105,hp
534,140,attack
534,95,defense
534,55,special-attack
534,65,special-defense
534,45,speed
535,50,hp
535,50,attack
535,40,defense
535,50,special-attack
535,40,special-defense
535,64,speed
536,75,hp
536,65,attack
536,55,defense
536,65,special-attack
536,55,special-defense
536,69,speed
537,105,hp
537,95,attack
537,75,defense
537,85,special-attack
537,75,special-defense
537,74,speed
538,120,hp
538,100,attack
538,85,defense
538,30,special-attack
538,85,special-defense
538,45,speed
539,75,hp
539,125,attack
539,75,defense
539,30,special-attack
539,75,special-defense
539,85,speed
540,45,hp
540,53,attack
540,70,defense
540,40,special-attack
540,60,special-defense
540,42,speed
541,55,hp
541,63,attack
541,90,defense
541,50,special-attack
541,80,special-defense
541,42,speed
542,75,hp
542,103,attack
542,80,defense
542,70,special-attack
542,80,special-defense
542,92,speed
543,30,hp
543,45,attack
543,59,defense
543,30,special-attack
543,39,special-defense
543,57,speed
544,40,hp
544,55,attack
544,99,defense
544,40,special-attack
544,79,special-defense
544,47,speed
545,60,hp
545,100,attack
545,89,defense
545,55,special-attack
545,69,special-defense
545,112,speed
546,40,hp
546,27,attack
546,60,defense
546,37,special-attack
546,50,special-defense
546,66,speed
547,60,hp
547,67,attack
547,85,defense
547,77,special-attack
547,75,special-defense
547,116,speed
548,45,hp
548,35,attack
548,50,defense
548,70,special-attack
548,50,special-defense
548,30,speed
549,70,hp
549,60,attack
549,75,defense
549,110,special-attack
549,75,special-defense
549,90,speed
550,70,hp
550,92,attack
550,65,defense
550,80,special-attack
550,55,special-defense
550,98,speed
551,50,hp
551,72,attack
551,35,defense
551,35,special-attack
551,35,special-defense
551,65,speed
552,60,hp
552,82,attack
552,45,defense
552,45,special-attack
552,45,special-defense
552,74,speed
553,95,hp
553,117,attack
553,80,defense
553,65,special-attack
553,70,special-defense
553,92,speed
554,70,hp
554,90,attack
554,45,defense
554,15,special-attack
554,45,special-defense
554,50,speed
555,105,hp
555,140,attack
555,55,defense
555,30,special-attack
555,55,special-defense
555,95,speed
556,75,hp
556,86,attack
556,67,defense
556,106,special-attack
556,67,special-defense
556,60,speed
557,50,hp
557,65,attack
557,85,defense
557,35,special-attack
557,35,special-defense
557,55,speed
558,70,hp
558,105,attack
558,125,defense
558,65,special-attack
558,75,special-defense
558,45,speed
559,50,hp
559,75,attack
559,70,defense
559,35,special-attack
559,70,special-defense
559,48,speed
560,65,hp
560,90,attack
560,115,defense
560,45,special-attack
560,115,special-defense
560,58,speed
561,72,hp
561,58,attack
561,80,defense
561,103,special-attack
561,80,special-defense
561,97,speed
562,38,hp
562,30,attack
562,85,defense
562,55,special-attack
562,65,special-defense
562,30,speed
563,58,hp
563,50,attack
563,145,defense
563,95,special-attack
563,105,special-defense
563,30,speed
564,54,hp
564,78,attack
564,103,defense
564,53,special-attack
564,45,special-defense
564,22,speed
565,74,hp
565,108,attack
565,133,defense
565,83,special-attack
565,65,special-defense
565,32,speed
566,55,hp
566,112,attack
566,45,defense
566,74,special-attack
566,45,special-defense
566,70,speed
567,75,hp
567,140,attack
567,65,defense
567,112,special-attack
567,65,special-defense
567,110,speed
568,50,hp
568,50,attack
568,62,defense
568,40,special-attack
568,62,special-defense
568,65,speed
569,80,hp
569,95,attack
569,82,defense
569,60,special-attack
569,82,special-defense
569,75,speed
570,40,hp
570,65,attack
570,40,defense
570,80,special-attack
570,40,special-defense
570,65,speed
571,60,hp
571,105,attack
571,60,defense
571,120,special-attack
571,60,special-defense
571,105,speed
572,55,hp
572,50,attack
572,40,defense
572,40,special-attack
572,40,special-defense
572,75,speed
573,75,hp
573,95,attack
573,60,defense
573,65,special-attack
573,60,special-defense
573,115,speed
574,45,hp
574,30,attack
574,50,defense
574,55,special-attack
574,65,special-defense
574,45,speed
575,60,hp
575,45,attack
575,70,defense
575,75,special-attack
575,85,special-defense
575,55,speed
576,70,hp
576,55,attack
576,95,defense
576,95,special-attack
576,110,special-defense
576,65,speed
577,45,hp
577,30,attack
577,40,defense
577,105,special-attack
577,50,special-defense
577,20,speed
578,65,hp
578,40,attack
578,50,defense
578,125,special-attack
578,60,special-defense
578,30,speed
579,110,hp
579,65,attack
579,75,defense
579,125,special-attack
579,85,special-defense
579,30,speed
580,62,hp
580,44,attack
580,50,defense
580,44,special-attack
580,50,special-defense
580,55,speed
581,75,hp
581,87,attack
581,63,defense
581,87,special-attack
581,63,special-defense
581,98,speed
582,36,hp
582,50,attack
582,50,defense
582,65,special-attack
582,60,special-defense
582,44,speed
583,51,hp
583,65,attack
583,65,defense
583,80,special-attack
583,75,special-defense
583,59,speed
584,71,hp
584,95,attack
584,85,defense
584,110,special-attack
584,95,special-defense
584,79,speed
585,60,hp
585,60,attack
585,50,defense
585,40,special-attack
585,50,special-defense
585,75,speed
586,80,hp
586,100,attack
586,70,defense
586,60,special-attack
586,70,special-defense
586,95,speed
587,55,hp
587,75,attack
587,60,defense
587,75,special-attack
587,60,special-defense
587,103,speed
588,50,hp
588,75,attack
588,45,defense
588,40,special-attack
588,45,special-defense
588,60,speed
589,70,hp
589,135,attack
589,105,defense
589,60,special-attack
589,105,special-defense
589,20,speed
590,69,hp
590,55,attack
590,45,defense
590,55,special-attack
590,55,special-defense
590,15,speed
591,114,hp
591,85,attack
591,70,defense
591,85,special-attack
591,80,special-defense
591,30,speed
592,55,hp
592,40,attack
592,50,defense
592,65,special-attack
592,85,special-defense
592,40,speed
593,100,hp
593,60,attack
593,70,defense
593,85,special-attack
593,105,special-defense
593,60,speed
594,165,hp
594,75,attack
594,80,defense
594,40,special-attack
594,45,special-defense
594,65,speed
595,50,hp
595,47,attack
595,50,defense
595,57,special-attack
595,50,special-defense
595,65,speed
596,70,hp
596,77,attack
596,60,defense
596,97,special-attack
596,60,special-defense
596,108,speed
597,44,hp
597,50,attack
597,91,defense
597,24,special-attack
597,86,special-defense
597,10,speed
598,74,hp
598,94,attack
598,131,defense
598,54,special-attack
598,116,special-defense
598,20,speed
599,40,hp
599,55,attack
599,70,defense
599,45,special-attack
599,60,special-defense
599,30,speed
600,60,hp
600,80,attack
600,95,defense
600,70,special-attack
600,85,special-defense
600,50,speed
601,60,hp
601,100,attack
601,115,defense
601,70,special-attack
601,85,special-defense
601,90,speed
602,35,hp
602,55,attack
602,40,defense
602,45,special-attack
602,40,special-defense
602,60,speed
603,65,hp
603,85,attack
603,70,defense
603,75,special-attack
603,70,special-defense
603,40,speed
604,85,hp
604,115,attack
604,80,defense
604,105,special-attack
604,80,special-defense
604,50,speed
605,55,hp
605,55,attack
605,55,defense
605,85,special-attack
605,55,special-defense
605,30,speed
606,75,hp
606,75,attack
606,75,defense
606,125,special-attack
606,95,special-defense
606,40,speed
607,50,hp
607,30,attack
607,55,defense
607,65,special-attack
607,55,special-defense
607,20,speed
608,60,hp
608,40,attack
608,60,defense
608,95,special-attack
608,60,special-defense
608,55,speed
609,60,hp
609,55,attack
609,90,defense
609,145,special-attack
609,90,special-defense
609,80,speed
610,46,hp
610,87,attack
610,60,defense
610,30,special-attack
610,40,special-defense
610,57,speed
611,66,hp
611,117,attack
611,70,defense
611,40,special-attack
611,50,special-defense
611,67,speed
612,76,hp
612,147,attack
612,90,defense
612,60,special-attack
612,70,special-defense
612,97,speed
613,55,hp
613,70,attack
613,40,defense
613,60,special-attack
613,40,special-defense
613,40,speed
614,95,hp
614,130,attack
614,80,defense
614,70,special-attack
614,80,special-defense
614,50,speed
615,80,hp
615,50,attack
615,50,defense
615,95,special-attack
615,135,special-defense
615,105,speed
616,50,hp
616,40,attack
616,85,defense
616,40,special-attack
616,65,special-defense
616,25,speed
617,80,hp
617,70,attack
617,40,defense
617,100,special-attack
617,60,special-defense
617,145,speed
618,109,hp
618,66,attack
618,84,defense
618,81,special-attack
618,99,special-defense
618,32,speed
619,45,hp
619,85,attack
619,50,defense
619,55,special-attack
619,50,special-defense
619,65,speed
620,65,hp
620,125,attack
620,60,defense
620,95,special-attack
620,60,special-defense
620,105,speed
621,77,hp
621,120,attack
621,90,defense
621,60,special-attack
621,90,special-defense
621,48,speed
622,59,hp
622,74,attack
622,50,defense
622,35,special-attack
622,50,special-defense
622,35,speed
623,89,hp
623,124,attack
623,80,defense
623,55,special-attack
623,80,special-defense
623,55,speed
624,45,hp
624,85,attack
624,70,defense
624,40,special-attack
624,40,special-defense
624,60,speed
625,65,hp
625,125,attack
625,100,defense
625,60,special-attack
625,70,special-defense
625,70,speed
626,95,hp
626,110,attack
626,95,defense
626,40,special-attack
626,95,special-defense
626,55,speed
627,70,hp
627,83,attack
627,50,defense
627,37,special-attack
627,50,special-defense
627,60,speed
628,100,hp
628,123,attack
628,75,defense
628,57,special-attack
628,75,special-defense
628,80,speed
629,70,hp
629,55,attack
629,75,defense
629,45,special-attack
629,65,special-defense
629,60,speed
630,110,hp
630,65,attack
630,105,defense
630,55,special-attack
630,95,special-defense
630,80,speed
631,85,hp
631,97,attack
631,66,defense
631,105,special-attack
631,66,special-defense
631,65,speed
632,58,hp
632,109,attack
632,112,defense
632,48,special-attack
632,48,special-defense
632,109,speed
633,52,hp
633,65,attack
633,50,defense
633,45,special-attack
633,50,special-defense
633,38,speed
634,72,hp
634,85,attack
634,70,defense
634,65,special-attack
634,70,special-defense
634,58,speed
635,92,hp
635,105,attack
635,90,defense
635,125,special-attack
635,90,special-defense
635,98,speed
636,55,hp
636,85,attack
636,55,defense
636,50,special-attack
636,55,special-defense
636,60,speed
637,85,hp
637,60,attack
637,65,defense
637,135,special-attack
637,105,special-defense
637,100,speed
638,91,hp
638,90,attack
638,129,defense
638,90,special-attack
638,72,special-defense
638,108,speed
639,91,hp
639,129,attack
639,90,defense
639,72,special-attack
639,90,special-defense
639,108,speed
640,91,hp
640,90,attack
640,72,defense
640,90,special-attack
640,129,special-defense
640,108,speed
641,79,hp
641,115,attack
641,70,defense
641,125,special-attack
641,80,special-defense
641,111,speed
642,79,hp
642,115,attack
642,70,defense
642,125,special-attack
642,80,special-defense
642,111,speed
643,100,hp
643,120,attack
643,100,defense
643,150,special-attack
643,120,special-defense
643,90,speed
644,100,hp
644,150,attack
644,120,defense
644,120,special-attack
644,100,special-defense
644,90,speed
645,89,hp
645,125,attack
645,90,defense
645,115,special-attack
645,80,special-defense
645,101,speed
646,125,hp
646,130,attack
646,90,defense
646,130,special-attack
646,90,special-defense
646,95,speed
647,91,hp
647,72,attack
647,90,defense
647,129,special-attack
647,90,special-defense
647,108,speed
648,100,hp
648,77,attack
648,77,defense
648,128,special-attack
648,128,special-defense
648,90,speed
649,71,hp
649,120,attack
649,95,defense
649,120,special-attack
649,95,special-defense
649,99,speed
650,56,hp
650,61,attack
650,65,defense
650,48,special-attack
650,45,special-defense
650,38,speed
651,61,hp
651,78,attack
651,95,defense
651,56,special-attack
651,58,special-defense
651,57,speed
652,88,hp
652,107,attack
652,122,defense
652,74,special-attack
652,75,special-defense
652,64,speed
653,40,hp
653,45,attack
653,40,defense
653,62,special-attack
653,60,special-defense
653,60,speed
654,59,hp
654,59,attack
654,58,defense
654,90,special-attack
654,70,special-defense
654,73,speed
655,75,hp
655,69,attack
655,72,defense
655,114,special-attack
655,100,special-defense
655,104,speed
656,41,hp
656,56,attack
656,40,defense
656,62,special-attack
656,44,special-defense
656,71,speed
657,54,hp
657,63,attack
657,52,defense
657,83,special-attack
657,56,special-defense
657,97,speed
658,72,hp
658,95,attack
658,67,defense
658,103,special-attack
658,71,special-defense
658,122,speed
659,38,hp
659,36,attack
659,38,defense
659,32,special-attack
659,36,special-defense
659,57,speed
660,85,hp
660,56,attack
660,77,defense
660,50,special-attack
660,77,special-defense
660,78,speed
661,45,hp
661,50,attack
661,43,defense
661,40,special-attack
661,38,special-defense
661,62,speed
662,62,hp
662,73,attack
662,55,defense
662,56,special-attack
662,52,special-defense
662,84,speed
663,78,hp
663,81,attack
663,71,defense
663,74,special-attack
663,69,special-defense
663,126,speed
664,38,hp
664,35,attack
664,40,defense
664,27,special-attack
664,25,special-defense
664,35,speed
665,45,hp
665,22,attack
665,60,defense
665,27,special-attack
665,30,special-defense
665,29,speed
666,80,hp
666,52,attack
666,50,defense
666,90,special-attack
666,50,special-defense
666,89,speed
667,62,hp
667,50,attack
667,58,defense
667,73,special-attack
667,54,special-defense
667,72,speed
668,86,hp
668,68,attack
668,72,defense
668,109,special-attack
668,66,special-defense
668,106,speed
669,44,hp
669,38,attack
669,39,defense
669,61,special-attack
669,79,special-defense
669,42,speed
670,54,hp
670,45,attack
670,47,defense
670,75,special-attack
670,98,special-defense
670,52,speed
671,78,hp
671,65,attack
671,68,defense
671,112,special-attack
671,154,special-defense
671,75,speed
672,66,hp
672,65,attack
672,48,defense
672,62,special-attack
672,57,special-defense
672,52,speed
673,123,hp
673,100,attack
673,62,defense
673,97,special-attack
673,81,special-defense
673,68,speed
674,67,hp
674,82,attack
674,62,defense
674,46,special-attack
674,48,special-defense
674,43,speed
675,95,hp
675,124,attack
675,78,defense
675,69,special-attack
675,71,special-defense
675,58,speed
676,75,hp
676,80,attack
676,60,defense
676,65,special-attack
676,90,special-defense
676,102,speed
677,62,hp
677,48,attack
677,54,defense
677,63,special-attack
677,60,special-defense
677,68,speed
678,74,hp
678,48,attack
678,76,defense
678,83,special-attack
678,81,special-defense
678,104,speed
679,45,hp
679,80,attack
679,100,defense
679,35,special-attack
679,37,special-defense
679,28,speed
680,59,hp
680,110,attack
680,150,defense
680,45,special-attack
680,49,special-defense
680,35,speed
681,60,hp
681,50,attack
681,150,defense
681,50,special-attack
681,150,special-defense
681,60,speed
682,78,hp
682,52,attack
682,60,defense
682,63,special-attack
682,65,special-defense
682,23,speed
683,101,hp
683,72,attack
683,72,defense
683,99,special-attack
683,89,special-defense
683,29,speed
684,62,hp
684,48,attack
684,66,defense
684,59,special-attack
684,57,special-defense
684,49,speed
685,82,hp
685,80,attack
685,86,defense
685,85,special-attack
685,75,special-defense
685,72,speed
686,53,hp
686,54,attack
686,53,defense
686,37,special-attack
686,46,special-defense
686,45,speed
687,86,hp
687,92,attack
687,88,defense
687,68,special-attack
687,75,special-defense
687,73,speed
688,42,hp
688,52,attack
688,67,defense
688,39,special-attack
688,56,special-defense
688,50,speed
689,72,hp
689,105,attack
689,115,defense
689,54,special-attack
689,86,special-defense
689,68,speed
690,50,hp
690,60,attack
690,60,defense
690,60,special-attack
690,60,special-defense
690,30,speed
691,65,hp
691,75,attack
691,90,defense
691,97,special-attack
691,123,special-defense
691,44,speed
692,50,hp
692,53,attack
692,62,defense
692,58,special-attack
692,63,special-defense
692,44,speed
693,71,hp
693,73,attack
693,88,defense
693,120,special-attack
693,89,special-defense
693,59,speed
694,44,hp
694,38,attack
694,33,defense
694,61,special-attack
694,43,special-defense
694,70,speed
695,62,hp
695,55,attack
695,52,defense
695,109,special-attack
695,94,special-defense
695,109,speed
696,58,hp
696,89,attack
696,77,defense
696,45,special-attack
696,45,special-defense
696,48,speed
697,82,hp
697,121,attack
697,119,defense
697,69,special-attack
697,59,special-defense
697,71,speed
698,77,hp
698,59,attack
698,50,defense
698,67,special-attack
698,63,special-defense
698,46,speed
699,123,hp
699,77,attack
699,72,defense
699,99,special-attack
699,92,special-defense
699,58,speed
700,95,hp
700,65,attack
700,65,defense
700,110,special-attack
700,130,special-defense
700,60,speed
701,78,hp
701,92,attack
701,75,defense
701,74,special-attack
701,63,special-defense
701,118,speed
702,67,hp
702,58,attack
702,57,defense
702,81,special-attack
702,67,special-defense
702,101,speed
703,50,hp
703,50,attack
703,150,defense
703,50,special-attack
703,150,special-defense
703,50,speed
704,45,hp
704,50,attack
704,35,defense
704,55,special-attack
704,75,special-defense
704,40,speed
705,68,hp
705,75,attack
705,53,defense
705,83,special-attack
705,113,special-defense
705,60,speed
706,90,hp
706,100,attack
706,70,defense
706,110,special-attack
706,150,special-defense
706,80,speed
707,57,hp
707,80,attack
707,91,defense
707,80,special-attack
707,87,special-defense
707,75,speed
708,43,hp
708,70,attack
708,48,defense
708,50,special-attack
708,60,special-defense
708,38,speed
709,85,hp
709,110,attack
709,76,defense
709,65,special-attack
709,82,special-defense
709,56,speed
710,49,hp
710,66,attack
710,70,defense
710,44,special-attack
710,55,special-defense
710,51,speed
711,65,hp
711,90,attack
711,122,defense
711,58,special-attack
711,75,special-defense
711,84,speed
712,55,hp
712,69,attack
712,85,defense
712,32,special-attack
712,35,special-defense
712,28,speed
713,95,hp
713,117,attack
713,184,defense
713,44,special-attack
713,46,special-defense
713,28,speed
714,40,hp
714,30,attack
714,35,defense
714,45,special-attack
714,40,special-defense
714,55,speed
715,85,hp
715,70,attack
715,80,defense
715,97,special-attack
715,80,special-defense
715,123,speed
716,126,hp
716,131,attack
716,95,defense
716,131,special-attack
716,98,special-defense
716,99,speed
717,126,hp
717,131,attack
717,95,defense
717,131,special-attack
717,98,special-defense
717,99,speed
718,108,hp
718,100,attack
718,121,defense
718,81,special-attack
718,95,special-defense
718,95,speed
719,50,hp
719,100,attack
719,150,defense
719,100,special-attack
719,150,special-defense
719,50,speed
720,80,hp
720,110,attack
720,60,defense
720,150,special-attack
720,130,special-defense
720,70,speed
721,80,hp
721,110,attack
721,120,defense
721,130,special-attack
721,90,special-defense
721,70,speed
722,68,hp
722,55,attack
722,55,defense
722,50,special-attack
722,50,special-defense
722,42,speed
723,78,hp
723,75,attack
723,75,defense
723,70,special-attack
723,70,special-defense
723,52,speed
724,78,hp
724,107,attack
724,75,defense
724,100,special-attack
724,100,special-defense
724,70,speed
725,45,hp
725,65,attack
725,40,defense
725,60,special-attack
725,40,special-defense
725,70,speed
726,65,hp
726,85,attack
726,50,defense
726,80,special-attack
726,50,special-defense
726,90,speed
727,95,hp
727,115,attack
727,90,defense
727,80,special-attack
727,90,special-defense
727,60,speed
728,50,hp
728,54,attack
728,54,defense
728,66,special-attack
728,56,special-defense
728,40,speed
729,60,hp
729,69,attack
729,69,defense
729,91,special-attack
729,81,special-defense
729,50,speed
730,80,hp
730,74,attack
730,74,defense
730,126,special-attack
730,116,special-defense
730,60,speed
731,35,hp
731,75,attack
731,30,defense
731,30,special-attack
731,30,special-defense
731,65,speed
732,55,hp
732,85,attack
732,50,defense
732,40,special-attack
732,50,special-defense
732,75,speed
733,80,hp
733,120,attack
733,75,defense
733,75,special-attack
733,75,special-defense
733,60,speed
734,48,hp
734,70,attack
734,30,defense
734,30,special-attack
734,30,special-defense
734,45,speed
735,88,hp
735,110,attack
735,60,defense
735,55,special-attack
735,60,special-defense
735,45,speed
736,47,hp
736,62,attack
736,45,defense
736,55,special-attack
736,45,special-defense
736,46,speed
737,57,hp
737,82,attack
737,95,defense
737,55,special-attack
737,75,special-defense
737,36,speed
738,77,hp
738,70,attack
738,90,defense
738,145,special-attack
738,75,special-defense
738,43,speed
739,47,hp
739,82,attack
739,57,defense
739,42,special-attack
739,47,special-defense
739,63,speed
740,97,hp
740,132,attack
740,77,defense
740,62,special-attack
740,67,special-defense
740,43,speed
741,75,hp
741,70,attack
741,70,defense
741,98,special-attack
741,70,special-defense
741,93,speed
742,40,hp
742,45,attack
742,40,defense
742,55,special-attack
742,40,special-defense
742,84,speed
743,60,hp
743,55,attack
743,60,defense
743,95,special-attack
743,70,special-defense
743,124,speed
744,45,hp
744,65,attack
744,40,defense
744,30,special-attack
744,40,special-defense
744,60,speed
745,75,hp
745,115,attack
745,65,defense
745,55,special-attack
745,65,special-defense
745,112,speed
746,45,hp
746,20,attack
746,20,defense
746,25,special-attack
746,25,special-defense
746,40,speed
747,50,hp
747,53,attack
747,62,defense
747,43,special-attack
747,52,special-defense
747,45,speed
748,50,hp
748,63,attack
748,152,defense
748,53,special-attack
748,142,special-defense
748,35,speed
749,70,hp
749,100,attack
749,70,defense
749,45,special-attack
749,55,special-defense
749,45,speed
750,100,hp
750,125,attack
750,100,defense
750,55,special-attack
750,85,special-defense
750,35,speed
751,38,hp
751,40,attack
751,52,defense
751,40,special-attack
751,72,special-defense
751,27,speed
752,68,hp
752,70,attack
752,92,defense
752,50,special-attack
752,132,special-defense
752,42,speed
753,40,hp
753,55,attack
753,35,defense
753,50,special-attack
753,35,special-defense
753,35,speed
754,70,hp
754,105,attack
754,90,defense
754,80,special-attack
754,90,special-defense
754,45,speed
755,40,hp
755,35,attack
755,55,defense
755,65,special-attack
755,75,special-defense
755,15,speed
756,60,hp
756,45,attack
756,80,defense
756,90,special-attack
756,100,special-defense
756,30,speed
757,48,hp
757,44,attack
757,40,defense
757,71,special-attack
757,40,special-defense
757,77,speed
758,68,hp
758,64,attack
758,60,defense
758,111,special-attack
758,60,special-defense
758,117,speed
759,70,hp
759,75,attack
759,50,defense
759,45,special-attack
759,50,special-defense
759,50,speed
760,120,hp
760,125,attack
760,80,defense
760,55,special-attack
760,60,special-defense
760,60,speed
761,42,hp
761,30,attack
761,38,defense
761,30,special-attack
761,38,special-defense
761,32,speed
762,52,hp
762,40,attack
762,48,defense
762,40,special-attack
762,48,special-defense
762,62,speed
763,72,hp
763,120,attack
763,98,defense
763,50,special-attack
763,98,special-defense
763,72,speed
764,51,hp
764,52,attack
764,90,defense
764,82,special-attack
764,110,special-defense
764,100,speed
765,90,hp
765,60,attack
765,80,defense
765,90,special-attack
765,110,special-defense
765,60,speed
766,100,hp
766,120,attack
766,90,defense
766,40,special-attack
766,60,special-defense
766,80,speed
767,25,hp
767,35,attack
767,40,defense
767,20,special-attack
767,30,special-defense
767,80,speed
768,75,hp
768,125,attack
768,140,defense
768,60,special-attack
768,90,special-defense
768,40,speed
769,55,hp
769,55,attack
769,80,defense
769,70,special-attack
769,45,special-defense
769,15,speed
770,85,hp
770,75,attack
770,110,defense
770,100,special-attack
770,75,special-defense
770,35,speed
771,55,hp
771,60,attack
771,130,defense
771,30,special-attack
771,130,special-defense
771,5,speed
772,95,hp
772,95,attack
772,95,defense
772,95,special-attack
772,95,special-defense
772,59,speed
773,95,hp
773,95,attack
773,95,defense
773,95,special-attack
773,95,special-defense
773,95,speed
774,60,hp
774,60,attack
774,100,defense
774,60,special-attack
774,100,special-defense
774,60,speed
775,65,hp
775,115,attack
775,65,defense
775,75,special-attack
775,95,special-defense
775,65,speed
776,60,hp
776,78,attack
776,135,defense
776,91,special-attack
776,85,special-defense
776,36,speed
777,65,hp
777,98,attack
777,63,defense
777,40,special-attack
777,73,special-defense
777,96,speed
778,55,hp
778,90,attack
778,80,defense
778,50,special-attack
778,105,special-defense
778,96,speed
779,68,hp
779,105,attack
779,70,defense
779,70,special-attack
779,70,special-defense
779,92,speed
780,78,hp
780,60,attack
780,85,defense
780,135,special-attack
780,91,special-defense
780,36,speed
781,70,hp
781,131,attack
781,100,defense
781,86,special-attack
781,90,special-defense
781,40,speed
782,45,hp
782,55,attack
782,65,defense
782,45,special-attack
782,45,special-defense
782,45,speed
783,55,hp
783,75,attack
783,90,defense
783,65,special-attack
783,70,special-defense
783,65,speed
784,75,hp
784,110,attack
784,125,defense
784,100,special-attack
784,105,special-defense
784,85,speed
785,70,hp
785,115,attack
785,85,defense
785,95,special-attack
785,75,special-defense
785,130,speed
786,70,hp
786,85,attack
786,75,defense
786,130,special-attack
786,115,special-defense
786,95,speed
787,70,hp
787,130,attack
787,115,defense
787,85,special-attack
787,95,special-defense
787,75,speed
788,70,hp
788,75,attack
788,115,defense
788,95,special-attack
788,130,special-defense
788,85,speed
789,43,hp
789,29,attack
789,31,defense
789,29,special-attack
789,31,special-defense
789,37,speed
790,43,hp
790,29,attack
790,131,defense
790,29,special-attack
790,131,special-defense
790,37,speed
791,137,hp
791,137,attack
791,107,defense
791,113,special-attack
791,89,special-defense
791,97,speed
792,137,hp
792,113,attack
792,89,defense
792,137,special-attack
792,107,special-defense
792,97,speed
793,109,hp
793,53,attack
793,47,defense
793,127,special-attack
793,131,special-defense
793,103,speed
794,107,hp
794,139,attack
794,139,defense
794,53,special-attack
794,53,special-defense
794,79,speed
795,71,hp
795,137,attack
795,37,defense
795,137,special-attack
795,37,special-defense
795,151,speed
796,83,hp
796,89,attack
796,71,defense
796,173,special-attack
796,71,special-defense
796,83,speed
797,97,hp
797,101,attack
797,103,defense
797,107,special-attack
797,101,special-defense
797,61,speed
798,59,hp
798,181,attack
798,131,defense
798,59,special-attack
798,31,special-defense
798,109,speed
799,223,hp
799,101,attack
799,53,defense
799,97,special-attack
799,53,special-defense
799,43,speed
800,97,hp
800,107,attack
800,101,defense
800,127,special-attack
800,89,special-defense
800,79,speed
801,80,hp
801,95,attack
801,115,defense
801,130,special-attack
801,115,special-defense
801,65,speed
802,90,hp
802,125,attack
802,80,defense
802,90,special-attack
802,90,special-defense
802,125,speed
803,67,hp
803,73,attack
803,67,defense
803,73,special-attack
803,67,special-defense
803,73,speed
804,73,hp
804,73,attack
804,73,defense
804,127,special-attack
804,73,special-defense
804,121,speed
805,61,hp
805,131,attack
805,211,defense
805,53,special-attack
805,101,special-defense
805,13,speed
806,53,hp
806,127,attack
806,53,defense
806,151,special-attack
806,79,special-defense
806,107,speed
807,88,hp
807,112,attack
807,75,defense
807,102,special-attack
807,80,special-defense
807,143,speed
10001,50,hp
10001,180,attack
10001,20,defense
10001,180,special-attack
10001,20,special-defense
10001,150,speed
10002,50,hp
10002,70,attack
10002,160,defense
10002,70,special-attack
10002,160,special-defense
10002,90,speed
10003,50,hp
10003,95,attack
10003,90,defense
10003,95,special-attack
10003,90,special-defense
10003,180,speed
10004,60,hp
10004,79,attack
10004,105,defense
10004,59,special-attack
10004,85,special-defense
10004,36,speed
10005,60,hp
10005,69,attack
10005,95,defense
10005,69,special-attack
10005,95,special-defense
10005,36,speed
10006,100,hp
10006,103,attack
10006,75,defense
10006,120,special-attack
10006,75,special-defense
10006,127,speed
10007,150,hp
10007,120,attack
10007,100,defense
10007,120,special-attack
10007,100,special-defense
10007,90,speed
10008,50,hp
10008,65,attack
10008,107,defense
10008,105,special-attack
10008,107,special-defense
10008,86,speed
10009,50,hp
10009,65,attack
10009,107,defense
10009,105,special-attack
10009,107,special-defense
10009,86,speed
10010,50,hp
10010,65,attack
10010,107,defense
10010,105,special-attack
10010,107,special-defense
10010,86,speed
10011,50,hp
10011,65,attack
10011,107,defense
10011,105,special-attack
10011,107,special-defense
10011,86,speed
10012,50,hp
10012,65,attack
10012,107,defense
10012,105,special-attack
10012,107,special-defense
10012,86,speed
10013,70,hp
10013,70,attack
10013,70,defense
10013,70,special-attack
10013,70,special-defense
10013,70,speed
10014,70,hp
10014,70,attack
10014,70,defense
10014,70,special-attack
10014,70,special-defense
10014,70,speed
10015,70,hp
10015,70,attack
10015,70,defense
10015,70,special-attack
10015,70,special-defense
10015,70,speed
10016,70,hp
10016,92,attack
10016,65,defense
10016,80,special-attack
10016,55,special-defense
10016,98,speed
10017,105,hp
10017,30,attack
10017,105,defense
10017,140,special-attack
10017,105,special-defense
10017,55,speed
10018,100,hp
10018,128,attack
10018,90,defense
10018,77,special-attack
10018,77,special-defense
10018,128,speed
10019,79,hp
10019,100,attack
10019,80,defense
10019,110,special-attack
10019,90,special-defense
10019,121,speed
10020,79,hp
10020,105,attack
10020,70,defense
10020,145,special-attack
10020,80,special-defense
10020,101,speed
10021,89,hp
10021,145,attack
10021,90,defense
10021,105,special-attack
10021,80,special-defense
10021,91,speed
10022,125,hp
10022,170,attack
10022,100,defense
10022,120,special-attack
10022,90,special-defense
10022,95,speed
10023,125,hp
10023,120,attack
10023,90,defense
10023,170,special-attack
10023,100,special-defense
10023,95,speed
10024,91,hp
10024,72,attack
10024,90,defense
10024,129,special-attack
10024,90,special-defense
10024,108,speed
10025,74,hp
10025,48,attack
10025,76,defense
10025,83,special-attack
10025,81,special-defense
10025,104,speed
10026,60,hp
10026,150,attack
10026,50,defense
10026,150,special-attack
10026,50,special-defense
10026,60,speed
10027,44,hp
10027,66,attack
10027,70,defense
10027,44,special-attack
10027,55,special-defense
10027,56,speed
10028,54,hp
10028,66,attack
10028,70,defense
10028,44,special-attack
10028,55,special-defense
10028,46,speed
10029,59,hp
10029,66,attack
10029,70,defense
10029,44,special-attack
10029,55,special-defense
10029,41,speed
10030,55,hp
10030,85,attack
10030,122,defense
10030,58,special-attack
10030,75,special-defense
10030,99,speed
10031,75,hp
10031,95,attack
10031,122,defense
10031,58,special-attack
10031,75,special-defense
10031,69,speed
10032,85,hp
10032,100,attack
10032,122,defense
10032,58,special-attack
10032,75,special-defense
10032,54,speed
10033,80,hp
10033,100,attack
10033,123,defense
10033,122,special-attack
10033,120,special-defense
10033,80,speed
10034,78,hp
10034,130,attack
10034,111,defense
10034,130,special-attack
10034,85,special-defense
10034,100,speed
10035,78,hp
10035,104,attack
10035,78,defense
10035,159,special-attack
10035,115,special-defense
10035,100,speed
10036,79,hp
10036,103,attack
10036,120,defense
10036,135,special-attack
10036,115,special-defense
10036,78,speed
10037,55,hp
10037,50,attack
10037,65,defense
10037,175,special-attack
10037,105,special-defense
10037,150,speed
10038,60,hp
10038,65,attack
10038,80,defense
10038,170,special-attack
10038,95,special-defense
10038,130,speed
10039,105,hp
10039,125,attack
10039,100,defense
10039,60,special-attack
10039,100,special-defense
10039,100,speed
10040,65,hp
10040,155,attack
10040,120,defense
10040,65,special-attack
10040,90,special-defense
10040,105,speed
10041,95,hp
10041,155,attack
10041,109,defense
10041,70,special-attack
10041,130,special-defense
10041,81,speed
10042,80,hp
10042,135,attack
10042,85,defense
10042,70,special-attack
10042,95,special-defense
10042,150,speed
10043,106,hp
10043,190,attack
10043,100,defense
10043,154,special-attack
10043,100,special-defense
10043,130,speed
10044,106,hp
10044,150,attack
10044,70,defense
10044,194,special-attack
10044,120,special-defense
10044,140,speed
10045,90,hp
10045,95,attack
10045,105,defense
10045,165,special-attack
10045,110,special-defense
10045,45,speed
10046,70,hp
10046,150,attack
10046,140,defense
10046,65,special-attack
10046,100,special-defense
10046,75,speed
10047,80,hp
10047,185,attack
10047,115,defense
10047,40,special-attack
10047,105,special-defense
10047,75,speed
10048,75,hp
10048,90,attack
10048,90,defense
10048,140,special-attack
10048,90,special-defense
10048,115,speed
10049,100,hp
10049,164,attack
10049,150,defense
10049,95,special-attack
10049,120,special-defense
10049,71,speed
10050,80,hp
10050,160,attack
10050,80,defense
10050,130,special-attack
10050,80,special-defense
10050,100,speed
10051,68,hp
10051,85,attack
10051,65,defense
10051,165,special-attack
10051,135,special-defense
10051,100,speed
10052,50,hp
10052,105,attack
10052,125,defense
10052,55,special-attack
10052,95,special-defense
10052,50,speed
10053,70,hp
10053,140,attack
10053,230,defense
10053,60,special-attack
10053,80,special-defense
10053,50,speed
10054,60,hp
10054,100,attack
10054,85,defense
10054,80,special-attack
10054,85,special-defense
10054,100,speed
10055,70,hp
10055,75,attack
10055,80,defense
10055,135,special-attack
10055,80,special-defense
10055,135,speed
10056,64,hp
10056,165,attack
10056,75,defense
10056,93,special-attack
10056,83,special-defense
10056,75,speed
10057,65,hp
10057,150,attack
10057,60,defense
10057,115,special-attack
10057,60,special-defense
10057,115,speed
10058,108,hp
10058,170,attack
10058,115,defense
10058,120,special-attack
10058,95,special-defense
10058,92,speed
10059,70,hp
10059,145,attack
10059,88,defense
10059,140,special-attack
10059,70,special-defense
10059,112,speed
10060,90,hp
10060,132,attack
10060,105,defense
10060,132,special-attack
10060,105,special-defense
10060,30,speed
10061,74,hp
10061,65,attack
10061,67,defense
10061,125,special-attack
10061,128,special-defense
10061,92,speed
10062,80,hp
10062,100,attack
10062,120,defense
10062,140,special-attack
10062,150,special-defense
10062,110,speed
10063,80,hp
10063,130,attack
10063,100,defense
10063,160,special-attack
10063,120,special-defense
10063,110,speed
10064,100,hp
10064,150,attack
10064,110,defense
10064,95,special-attack
10064,110,special-defense
10064,70,speed
10065,70,hp
10065,110,attack
10065,75,defense
10065,145,special-attack
10065,85,special-defense
10065,145,speed
10066,50,hp
10066,85,attack
10066,125,defense
10066,85,special-attack
10066,115,special-defense
10066,20,speed
10067,75,hp
10067,110,attack
10067,110,defense
10067,110,special-attack
10067,105,special-defense
10067,80,speed
10068,68,hp
10068,165,attack
10068,95,defense
10068,65,special-attack
10068,115,special-defense
10068,110,speed
10069,103,hp
10069,60,attack
10069,126,defense
10069,80,special-attack
10069,126,special-defense
10069,50,speed
10070,70,hp
10070,140,attack
10070,70,defense
10070,110,special-attack
10070,65,special-defense
10070,105,speed
10071,95,hp
10071,75,attack
10071,180,defense
10071,130,special-attack
10071,80,special-defense
10071,30,speed
10072,75,hp
10072,125,attack
10072,230,defense
10072,55,special-attack
10072,95,special-defense
10072,30,speed
10073,83,hp
10073,80,attack
10073,80,defense
10073,135,special-attack
10073,80,special-defense
10073,121,speed
10074,80,hp
10074,120,attack
10074,80,defense
10074,120,special-attack
10074,80,special-defense
10074,100,speed
10075,50,hp
10075,160,attack
10075,110,defense
10075,160,special-attack
10075,110,special-defense
10075,110,speed
10076,80,hp
10076,145,attack
10076,150,defense
10076,105,special-attack
10076,110,special-defense
10076,110,speed
10077,100,hp
10077,150,attack
10077,90,defense
10077,180,special-attack
10077,160,special-defense
10077,90,speed
10078,100,hp
10078,180,attack
10078,160,defense
10078,150,special-attack
10078,90,special-defense
10078,90,speed
10079,105,hp
10079,180,attack
10079,100,defense
10079,180,special-attack
10079,100,special-defense
10079,115,speed
10080,35,hp
10080,55,attack
10080,40,defense
10080,50,special-attack
10080,50,special-defense
10080,90,speed
10081,35,hp
10081,55,attack
10081,40,defense
10081,50,special-attack
10081,50,special-defense
10081,90,speed
10082,35,hp
10082,55,attack
10082,40,defense
10082,50,special-attack
10082,50,special-defense
10082,90,speed
10083,35,hp
10083,55,attack
10083,40,defense
10083,50,special-attack
10083,50,special-defense
10083,90,speed
10084,35,hp
10084,55,attack
10084,40,defense
10084,50,special-attack
10084,50,special-defense
10084,90,speed
10085,35,hp
10085,55,attack
10085,40,defense
10085,50,special-attack
10085,50,special-defense
10085,90,speed
10086,80,hp
10086,160,attack
10086,60,defense
10086,170,special-attack
10086,130,special-defense
10086,80,speed
10087,70,hp
10087,120,attack
10087,100,defense
10087,145,special-attack
10087,105,special-defense
10087,20,speed
10088,65,hp
10088,136,attack
10088,94,defense
10088,54,special-attack
10088,96,special-defense
10088,135,speed
10089,95,hp
10089,145,attack
10089,130,defense
10089,120,special-attack
10089,90,special-defense
10089,120,speed
10090,65,hp
10090,150,attack
10090,40,defense
10090,15,special-attack
10090,80,special-defense
10090,145,speed
10091,30,hp
10091,56,attack
10091,35,defense
10091,25,special-attack
10091,35,special-defense
10091,72,speed
10092,75,hp
10092,71,attack
10092,70,defense
10092,40,special-attack
10092,80,special-defense
10092,77,speed
10093,75,hp
10093,71,attack
10093,70,defense
10093,40,special-attack
10093,80,special-defense
10093,77,speed
10094,35,hp
10094,55,attack
10094,40,defense
10094,50,special-attack
10094,50,special-defense
10094,90,speed
10095,35,hp
10095,55,attack
10095,40,defense
10095,50,special-attack
10095,50,special-defense
10095,90,speed
10096,35,hp
10096,55,attack
10096,40,defense
10096,50,special-attack
10096,50,special-defense
10096,90,speed
10097,35,hp
10097,55,attack
10097,40,defense
10097,50,special-attack
10097,50,special-defense
10097,90,speed
10098,35,hp
10098,55,attack
10098,40,defense
10098,50,special-attack
10098,50,special-defense
10098,90,speed
10099,35,hp
10099,55,attack
10099,40,defense
10099,50,special-attack
10099,50,special-defense
10099,90,speed
10100,60,hp
10100,85,attack
10100,50,defense
10100,95,special-attack
10100,85,special-defense
10100,110,speed
10101,50,hp
10101,75,attack
10101,90,defense
10101,10,special-attack
10101,35,special-defense
10101,40,speed
10102,75,hp
10102,100,attack
10102,120,defense
10102,25,special-attack
10102,65,special-defense
10102,65,speed
10103,38,hp
10103,41,attack
10103,40,defense
10103,50,special-attack
10103,65,special-defense
10103,65,speed
10104,73,hp
10104,67,attack
10104,75,defense
10104,81,special-attack
10104,100,special-defense
10104,109,speed
10105,10,hp
10105,55,attack
10105,30,defense
10105,35,special-attack
10105,45,special-defense
10105,90,speed
10106,35,hp
10106,100,attack
10106,60,defense
10106,50,special-attack
10106,70,special-defense
10106,110,speed
10107,40,hp
10107,35,attack
10107,35,defense
10107,50,special-attack
10107,40,special-defense
10107,90,speed
10108,65,hp
10108,60,attack
10108,60,defense
10108,75,special-attack
10108,65,special-defense
10108,115,speed
10109,40,hp
10109,80,attack
10109,100,defense
10109,30,special-attack
10109,30,special-defense
10109,20,speed
10110,55,hp
10110,95,attack
10110,115,defense
10110,45,special-attack
10110,45,special-defense
10110,35,speed
10111,80,hp
10111,120,attack
10111,130,defense
10111,55,special-attack
10111,65,special-defense
10111,45,speed
10112,80,hp
10112,80,attack
10112,50,defense
10112,40,special-attack
10112,50,special-defense
10112,25,speed
10113,105,hp
10113,105,attack
10113,75,defense
10113,65,special-attack
10113,100,special-defense
10113,50,speed
10114,95,hp
10114,105,attack
10114,85,defense
10114,125,special-attack
10114,75,special-defense
10114,45,speed
10115,60,hp
10115,80,attack
10115,110,defense
10115,50,special-attack
10115,80,special-defense
10115,45,speed
10116,72,hp
10116,95,attack
10116,67,defense
10116,103,special-attack
10116,71,special-defense
10116,122,speed
10117,72,hp
10117,145,attack
10117,67,defense
10117,153,special-attack
10117,71,special-defense
10117,132,speed
10118,54,hp
10118,100,attack
10118,71,defense
10118,61,special-attack
10118,85,special-defense
10118,115,speed
10119,108,hp
10119,100,attack
10119,121,defense
10119,81,special-attack
10119,95,special-defense
10119,95,speed
10120,216,hp
10120,100,attack
10120,121,defense
10120,91,special-attack
10120,95,special-defense
10120,85,speed
10121,88,hp
10121,110,attack
10121,60,defense
10121,55,special-attack
10121,60,special-defense
10121,45,speed
10122,77,hp
10122,70,attack
10122,90,defense
10122,145,special-attack
10122,75,special-defense
10122,43,speed
10123,75,hp
10123,70,attack
10123,70,defense
10123,98,special-attack
10123,70,special-defense
10123,93,speed
10124,75,hp
10124,70,attack
10124,70,defense
10124,98,special-attack
10124,70,special-defense
10124,93,speed
10125,75,hp
10125,70,attack
10125,70,defense
10125,98,special-attack
10125,70,special-defense
10125,93,speed
10126,85,hp
10126,115,attack
10126,75,defense
10126,55,special-attack
10126,75,special-defense
10126,82,speed
10127,45,hp
10127,140,attack
10127,130,defense
10127,140,special-attack
10127,135,special-defense
10127,30,speed
10128,70,hp
10128,105,attack
10128,90,defense
10128,80,special-attack
10128,90,special-defense
10128,45,speed
10129,68,hp
10129,64,attack
10129,60,defense
10129,111,special-attack
10129,60,special-defense
10129,117,speed
10130,60,hp
10130,60,attack
10130,100,defense
10130,60,special-attack
10130,100,special-defense
10130,60,speed
10131,60,hp
10131,60,attack
10131,100,defense
10131,60,special-attack
10131,100,special-defense
10131,60,speed
10132,60,hp
10132,60,attack
10132,100,defense
10132,60,special-attack
10132,100,special-defense
10132,60,speed
10133,60,hp
10133,60,attack
10133,100,defense
10133,60,special-attack
10133,100,special-defense
10133,60,speed
10134,60,hp
10134,60,attack
10134,100,defense
10134,60,special-attack
10134,100,special-defense
10134,60,speed
10135,60,hp
10135,60,attack
10135,100,defense
10135,60,special-attack
10135,100,special-defense
10135,60,speed
10136,60,hp
10136,100,attack
10136,60,defense
10136,100,special-attack
10136,60,special-defense
10136,120,speed
10137,60,hp
10137,100,attack
10137,60,defense
10137,100,special-attack
10137,60,special-defense
10137,120,speed
10138,60,hp
10138,100,attack
10138,60,defense
10138,100,special-attack
10138,60,special-defense
10138,120,speed
10139,60,hp
10139,100,attack
10139,60,defense
10139,100,special-attack
10139,60,special-defense
10139,120,speed
10140,60,hp
10140,100,attack
10140,60,defense
10140,100,special-attack
10140,60,special-defense
10140,120,speed
10141,60,hp
10141,100,attack
10141,60,defense
10141,100,special-attack
10141,60,special-defense
10141,120,speed
10142,60,hp
10142,100,attack
10142,60,defense
10142,100,special-attack
10142,60,special-defense
10142,120,speed
10143,55,hp
10143,90,attack
10143,80,defense
10143,50,special-attack
10143,105,special-defense
10143,96,speed
10144,55,hp
10144,90,attack
10144,80,defense
10144,50,special-attack
10144,105,special-defense
10144,96,speed
10145,55,hp
10145,90,attack
10145,80,defense
10145,50,special-attack
10145,105,special-defense
10145,96,speed
10146,75,hp
10146,110,attack
10146,125,defense
10146,100,special-attack
10146,105,special-defense
10146,85,speed
10147,80,hp
10147,95,attack
10147,115,defense
10147,130,special-attack
10147,115,special-defense
10147,65,speed
10148,35,hp
10148,55,attack
10148,40,defense
10148,50,special-attack
10148,50,special-defense
10148,90,speed
10149,60,hp
10149,80,attack
10149,110,defense
10149,50,special-attack
10149,80,special-defense
10149,45,speed
10150,60,hp
10150,55,attack
10150,60,defense
10150,95,special-attack
10150,70,special-defense
10150,124,speed
10151,45,hp
10151,65,attack
10151,40,defense
10151,30,special-attack
10151,40,special-defense
10151,60,speed
10152,75,hp
10152,117,attack
10152,65,defense
10152,55,special-attack
10152,65,special-defense
10152,110,speed
10153,68,hp
10153,70,attack
10153,92,defense
10153,50,special-attack
10153,132,special-defense
10153,42,speed
10154,65,hp
10154,98,attack
10154,63,defense
10154,40,special-attack
10154,73,special-defense
10154,96,speed
10155,97,hp
10155,157,attack
10155,127,defense
10155,113,special-attack
10155,109,special-defense
10155,77,speed
10156,97,hp
10156,113,attack
10156,109,defense
10156,157,special-attack
10156,127,special-defense
10156,77,speed
10157,97,hp
10157,167,attack
10157,97,defense
10157,167,special-attack
10157,97,special-defense
10157,129,speed
